x,y,z
"-0,5135305531","-0,6666438352","-0,7367483943"
"-0,4860624438","-0,6451488118","-0,7659042672"
"-0,4584870154","-0,6243186277","-0,7942717802"
"-0,4307359329","-0,6042250196","-0,8217710995"
"-0,4027532438","-0,584884129","-0,8483626965"
"-0,3744883889","-0,5662927694","-0,874021727"
"-0,3458908086","-0,5484477543","-0,8987233469"
"-0,3169099437","-0,531345897","-0,9224427121"
"-0,2874952346","-0,514984011","-0,9451549785"
"-0,2575961221","-0,4993589097","-0,966835302"
"-0,2271717103","-0,4844465357","-0,9874719641"
"-0,1961657888","-0,4702405089","-1,007046837"
"-0,1645399953","-0,4567062476","-1,0255563"
"-0,1322566799","-0,4438079869","-1,042997367"
"-0,0992781926","-0,4315099618","-1,059367053"
"-0,0655668833","-0,4197764073","-1,074662372"
"-0,03108510198","-0,4085715584","-1,088880338"
"0,004202876344","-0,3978549057","-1,102014714"
"0,04032956185","-0,3875811747","-1,114066104"
"0,07733283899","-0,3777170315","-1,125046082"
"0,1152415993","-0,3682048979","-1,134945389"
"0,1540847344","-0,3589871956","-1,143754763"
"0,1938911359","-0,3500063463","-1,151464944"
"0,2346896953","-0,3412047715","-1,158066671"
"0,2765093041","-0,3325248931","-1,163550684"
"0,3193766873","-0,3238992454","-1,167897586"
"0,3633196019","-0,3152652279","-1,171097609"
"0,4083630485","-0,3065473306","-1,173119808"
"0,4545290169","-0,297656206","-1,173916499"
"0,5018394969","-0,2885025067","-1,173439996"
"0,5503156079","-0,2789935932","-1,171638267"
"0,5999666124","-0,2689870369","-1,168393426"
"0,6508377312","-0,258470068","-1,16375919"
"0,7029309694","-0,2472679347","-1,157575786"
"0,756248332","-0,2352058853","-1,149683437"
"0,8107918241","-0,2221091681","-1,139922366"
"0,8665634508","-0,2078030316","-1,1281328"
"0,9235639947","-0,1921079998","-1,114149646"
"0,9817813029","-0,1747906529","-1,097742305"
"1,041183724","-0,1555617646","-1,078606659"
"1,101714961","-0,1340717977","-1,056366267"
"1,163348539","-0,1100257978","-1,030711071"
"1,226003961","-0,08299700373","-1,00117259"
"1,289530479","-0,052407016","-0,9670975417"
"1,353777344","-0,01767743511","-0,9278326433"
"1,418503882","0,02190264191","-0,8825633628"
"1,483618119","0,06692093035","-0,8306328832"
"1,548627057","0,1184961842","-0,7707399965"
"1,612989766","0,1778088623","-0,7015081618"
"1,676014766","0,2461020417","-0,6214757356"
"1,737178352","0,3247276644","-0,5290762313"
"1,795486463","0,4153806551","-0,4223142752"
"1,849048885","0,5200976591","-0,298723133"
"1,895975407","0,6409153217","-0,1558360704"
"1,934112095","0,7798483791","0,008826621359"
"1,960208703","0,938977105","0,1979324535"
"1,96996988","1,119421314","0,4132278077"
"1,958655682","1,323071479","0,6573350398"
"1,91973508","1,547879098","0,9289218551"
"1,846341838","1,789412867","1,224171112"
"1,730688059","2,041707567","1,537752013"
"1,565553075","2,29175475","1,857125788"
"1,347833545","2,519966833","2,162631526"
"1,076197758","2,705287177","2,433044418"
"0,7569639887","2,822857874","2,642924096"
"0,403917304","2,85325111","2,772084307"
"0,0359616814","2,782650547","2,805785274"
"-0,3257420056","2,614661311","2,746977181"
"-0,6616249384","2,361556312","2,607352904"
"-0,9579536402","2,045912218","2,40910973"
"-1,207692868","1,693041457","2,177246926"
"-1,409884184","1,326434988","1,934945624"
"-1,567873829","0,9645053249","1,700243019"
"-1,687210442","0,6201653538","1,485646522"
"-1,773892258","0,3004394905","1,297627286"
"-1,833856842","0,009468404215","1,139787665"
"-1,871717244","-0,2525698413","1,011560647"
"-1,891416634","-0,4863831422","0,9113707712"
"-1,896106759","-0,6938477369","0,8364219522"
"-1,887713363","-0,8770877027","0,7832213199"
"-1,867979375","-1,038065881","0,7483373281"
"-1,838255713","-1,178991517","0,728021433"
"-1,799356297","-1,301127887","0,7189711731"
"-1,752037458","-1,405575641","0,7179795597"
"-1,697137752","-1,493400678","0,7219722366"
"-1,635371491","-1,56526352","0,7277889302"
"-1,567542082","-1,621567963","0,7331336536"
"-1,49458789","-1,662712199","0,7360532735"
"-1,417385622","-1,689212917","0,7348167243"
"-1,336963703","-1,701378803","0,7274920992"
"-1,254570881","-1,699607277","0,7127590418"
"-1,171164193","-1,684986369","0,6906517931"
"-1,087700678","-1,65860411","0,6612045941"
"-1,005137372","-1,621548531","0,624451686"
"-0,9243385804","-1,57495555","0,5805444454"
"-0,8461749124","-1,520371984","0,5302574903"
"-0,7710615405","-1,459278161","0,4745979558"
"-0,6992723352","-1,39311119","0,4145943152"
"-0,6310753343","-1,323296523","0,3512675869"
"-0,5665950919","-1,251167289","0,2856362877"
"-0,5058264104","-1,178072803","0,2188020115"
"-0,4485469069","-1,10488913","0,1515491468"
"-0,3945341988","-1,032492334","0,08466208209"
"-0,3435692179","-0,961666882","0,01885969903"
"-0,295343404","-0,8931049717","-0,04518721499"
"-0,2495296818","-0,8271661892","-0,1070689817"
"-0,2058154789","-0,7640948874","-0,1664655788"
"-0,1638899657","-0,7041323133","-0,223059615"
"-0,1234660372","-0,6474065018","-0,2766242147"
"-0,08421319618","-0,5940005407","-0,3269581392"
"-0,04591313445","-0,5438039324","-0,3740231157"
"-0,008347544018","-0,4967061795","-0,4177808715"
"0,02870188316","-0,4525967846","-0,4581931338"
"0,06541893113","-0,4113317059","-0,4952454016"
"0,1020014244","-0,3727243945","-0,5289617756"
"0,1385629203","-0,3365534083","-0,5593842435"
"0,1752101936","-0,3025945213","-0,5865562032"
"0,2120500193","-0,2706235077","-0,6105210526"
"0,249121004","-0,2404066906","-0,6312649834"
"0,2865971214","-0,2117192851","-0,6489347135"
"0,3245263412","-0,1843196035","-0,663559843"
"0,362912241","-0,1579607034","-0,6751274819"
"0,4017583985","-0,132395642","-0,6836247404"
"0,4410683913","-0,1073774767","-0,6890387287"
"0,480845797","-0,082659265","-0,6913565567"
"0,5210941933","-0,0579940642","-0,6905653348"
"0,561672521","-0,03306870769","-0,6865005071"
"0,6026886911","-0,007701740383","-0,679251394"
"0,6442361733","0,01830685338","-0,668861154"
"0,6861439297","0,04528520275","-0,6550903146"
"0,728240922","0,07356143687","-0,637699403"
"0,7703561121","0,1034636849","-0,6164489466"
"0,8123184619","0,1353200759","-0,5910994729"
"0,8539569332","0,1694587392","-0,5614115092"
"0,8951004879","0,2062078038","-0,5271455829"
"0,9355537274","0,2458938642","-0,4880547673"
"0,9750249205","0,288900789","-0,4437615722"
"1,013179394","0,3356606571","-0,393842463"
"1,04948117","0,3865744485","-0,3378601896"
"1,083394272","0,4420431434","-0,2753775019"
"1,114371859","0,5024605583","-0,2059595917"
"1,141708","0,5681808583","-0,1291785264"
"1,164544801","0,6394817161","-0,04466775502"
"1,181950831","0,7165902502","0,04790226131"
"1,192794365","0,79947931","0,1486207552"
"1,195872097","0,8879847813","0,2574427872"
"1,18983071","0,981638525","0,3740275731"
"1,173302878","1,079317019","0,4973423415"
"1,144662571","1,180097465","0,6266006805"
"1,102449134","1,281959897","0,7598670178"
"1,04564991","1,381816093","0,8940275757"
"0,9734050749","1,476640685","1,026017651"
"0,8849792367","1,562858328","1,152200713"
"0,7803550418","1,635831774","1,267782956"
"0,6613446815","1,691518455","1,368394975"
"0,5297616093","1,725913289","1,449705689"
"0,3880375518","1,735546804","1,507884594"
"0,2399794998","1,717594375","1,539579139"
"0,08960387512","1,672551114","1,544787583"
"-0,05923032291","1,601059977","1,52366424"
"-0,202305012","1,505176109","1,477703817"
"-0,3365075839","1,388970451","1,410444883"
"-0,4598119045","1,257121168","1,326102453"
"-0,5703406631","1,11430447","1,22889341"
"-0,6672588795","0,96540602","1,123266092"
"-0,7506892652","0,8146146042","1,013042127"
"-0,8210404119","0,6657059201","0,9016595022"
"-0,8792042999","0,5215805493","0,7917444419"
"-0,9262430086","0,384288271","0,6851275659"
"-0,9633962543","0,2557167748","0,5834941502"
"-0,9918277145","0,1365633074","0,4874485572"
"-1,012628421","0,02716809713","0,3972679961"
"-1,026843966","-0,07219828308","0,3131713069"
"-1,035507416","-0,1616185864","0,2350689379"
"-1,039395645","-0,2415210699","0,1625993732"
"-1,039180532","-0,312411364","0,09534270323"
"-1,035494618","-0,3747890209","0,03289279"
"-1,028950544","-0,4292603426","-0,02524412225"
"-1,019993235","-0,4764463795","-0,0795344743"
"-1,008946232","-0,5169263096","-0,1303813583"
"-0,9961330798","-0,5512793107","-0,1781878666"
"-0,9818577182","-0,5800653088","-0,2233357466"
"-0,9663842776","-0,603850295","-0,2661955479"
"-0,9498985635","-0,6231223207","-0,3070497673"
"-0,9325389918","-0,6383092154","-0,3461190389"
"-0,9144439786","-0,6498388085","-0,3836239967"
"-0,8957389857","-0,6581170802","-0,4197663816"
"-0,8765346171","-0,6635401498","-0,4547281807"
"-0,8568971364","-0,6664223405","-0,4886236081"
"-0,8368764952","-0,6670464569","-0,5215421704"
"-0,8165226453","-0,6656953034","-0,553573374"
"-0,7958714352","-0,6626168792","-0,5847874454"
"-0,7749679852","-0,6580955558","-0,6152613406"
"-0,7538225208","-0,6523217236","-0,6450244175"
"-0,7324353576","-0,6454590436","-0,6740930771"
"-0,7108068114","-0,6376711767","-0,7024837203"
"-0,6889371978","-0,6291217838","-0,7302127477"
"-0,6668227408","-0,6199585674","-0,7572930417"
"-0,6444549955","-0,6103257277","-0,783727751"
"-0,621817833","-0,6003330836","-0,8095129187"
"-0,5988889874","-0,5900620134","-0,8346405662"
"-0,5756461925","-0,5795938956","-0,8591027149"
"-0,5520671824","-0,5690101085","-0,8828913862"
"-0,5281292422","-0,5583836269","-0,9059993308"
"-0,5038070387","-0,5477794576","-0,9284164365"
"-0,4790737265","-0,5372699347","-0,9501296539"
"-0,4539005363","-0,5268832354","-0,9711307404"
"-0,4282586989","-0,516647537","-0,9914114534"
"-0,4021194451","-0,5065910167","-1,01096355"
"-0,3754540056","-0,4967418519","-1,029778788"
"-0,3482336113","-0,4871282196","-1,047848925"
"-0,3204299323","-0,4777649512","-1,065167679"
"-0,292012439","-0,4686758276","-1,081727205"
"-0,2629521203","-0,4598649317","-1,097523341"
"-0,2332205141","-0,4513285531","-1,112553195"
"-0,2027891585","-0,4430629815","-1,126813872"
"-0,1716295914","-0,4350645066","-1,14030248"
"-0,1397133507","-0,4273294179","-1,153016124"
"-0,1070121886","-0,4198497761","-1,164950593"
"-0,07349810681","-0,4126147246","-1,176105128"
"-0,03914279608","-0,4056166936","-1,186482062"
"-0,003918750624","-0,3988304103","-1,196076905"
"0,03220153534","-0,3922306014","-1,204885163"
"0,06924556759","-0,385791994","-1,212902346"
"0,1072408519","-0,3794893151","-1,220123962"
"0,1462148941","-0,3732972915","-1,22654552"
"0,1861919702","-0,3671488844","-1,23211818"
"0,2272043913","-0,3610741556","-1,236909857"
"0,2692791437","-0,3550248389","-1,240897731"
"0,3124423941","-0,348941788","-1,24404658"
"0,3567203089","-0,3427658565","-1,246321179"
"0,4021390547","-0,3364378981","-1,247686305"
"0,4487247981","-0,3298987665","-1,248106734"
"0,4965037055","-0,3230893153","-1,247547242"
"0,5455019436","-0,3159503982","-1,245972606"
"0,595738516","-0,3083830053","-1,243297336"
"0,6472480688","-0,3003523964","-1,239520279"
"0,7000562571","-0,2917716287","-1,2345746"
"0,7541767936","-0,2824913788","-1,228314177"
"0,809623391","-0,2723623237","-1,220592888"
"0,8664097617","-0,2612351401","-1,211264613"
"0,9245496185","-0,2489605048","-1,200183231"
"0,9840510663","-0,2353654632","-1,187174061"
"1,044921601","-0,2202529894","-1,172033637"
"1,107145152","-0,2033397307","-1,154453887"
"1,170695121","-0,1843050194","-1,134081525"
"1,235531573","-0,1627913106","-1,110519045"
"1,301630833","-0,138461751","-1,083394757"
"1,368895382","-0,1107765929","-1,05209625"
"1,437194357","-0,07910926753","-1,015907323"
"1,506355668","-0,04275796081","-0,974021958"
"1,576260631","-0,001055682151","-0,9256799173"
"1,646561907","0,04707471292","-0,8696360175"
"1,716804935","0,102890924","-0,8044296173"
"1,786399285","0,1677775774","-0,7284449935"
"1,854933671","0,2431431551","-0,6400577702"
"1,921247825","0,3310620501","-0,5368325628"
"1,98381687","0,4338992553","-0,4159749037"
"2,040717743","0,5539464195","-0,2747306205"
"2,090447116","0,6943449013","-0,109454471"
"2,129213579","0,8579160484","0,08338778772"
"2,152125992","1,0471232","0,3070503204"
"2,154137057","1,264303636","0,5646700105"
"2,128174616","1,510215356","0,8579312284"
"2,065387542","1,782580362","1,185494214"
"1,955841364","2,07491809","1,541762787"
"1,789539704","2,37404677","1,914198796"
"1,558160912","2,65929947","2,282516622"
"1,259013435","2,902152486","2,618065187"
"0,8959508605","3,068652216","2,886365179"
"0,4862407744","3,130481321","3,058262634"
"0,05347995999","3,066088563","3,111303209"
"-0,373148973","2,876699438","3,046077554"
"-0,7669468518","2,578805497","2,878747449"
"-1,109503133","2,203246274","2,640108423"
"-1,392384718","1,784413844","2,364613439"
"-1,615729304","1,352952764","2,082920575"
"-1,785191773","0,9322768712","1,818360028"
"-1,908815035","0,5363821276","1,584664846"
"-1,994679611","0,1730250585","1,389118427"
"-2,050087361","-0,1550753165","1,233856122"
"-2,080376069","-0,44877974","1,116956351"
"-2,090129915","-0,7100987516","1,035310857"
"-2,082067148","-0,9418257446","0,9842440425"
"-2,058188495","-1,146511498","0,9587898817"
"-2,020063391","-1,326778254","0,9538122994"
"-1,968596887","-1,48416094","0,9642114404"
"-1,904586527","-1,619446896","0,9850759325"
"-1,828965192","-1,733394924","1,011647163"
"-1,742550732","-1,826018457","1,038966468"
"-1,646657699","-1,897077283","1,063235415"
"-1,542876009","-1,946404877","1,081105407"
"-1,432675924","-1,974164941","1,089807541"
"-1,318235273","-1,979760237","1,085861187"
"-1,201610552","-1,964393847","1,068713878"
"-1,084713449","-1,929733515","1,038527526"
"-0,9694556507","-1,877446983","0,9954640421"
"-0,8575883583","-1,809475063","0,9400794641"
"-0,750677594","-1,728596734","0,8741289329"
"-0,6494656474","-1,63757108","0,7996869424"
"-0,5546021232","-1,539122229","0,7188265455"
"-0,4665028998","-1,435959415","0,6336987584"
"-0,3851477339","-1,330528707","0,5463730367"
"-0,3101985568","-1,224702651","0,4585101859"
"-0,2413037144","-1,120268766","0,3717030631"
"-0,1779464797","-1,018769986","0,2873748809"
"-0,1195242271","-0,9210804512","0,2064155256"
"-0,0654362463","-0,8278704796","0,1295461415"
"-0,01512297331","-0,7396484941","0,0573526142"
"0,03207333771","-0,6567986239","-0,009661945728"
"0,07660729843","-0,5792257556","-0,07139997055"
"0,118914502","-0,506796732","-0,1277967345"
"0,1594194516","-0,4393748023","-0,1787885986"
"0,1984886124","-0,3767291804","-0,2243737802"
"0,2364567806","-0,3185054961","-0,2646632945"
"0,2735177035","-0,264308328","-0,2997887707"
"0,3098651285","-0,2137422551","-0,3298818383"
"0,3456497645","-0,1664211084","-0,3550551087"
"0,3810597841","-0,1219102363","-0,375482047"
"0,4161977704","-0,0797864901","-0,3912995174"
"0,4510654207","-0,03965752946","-0,402588293"
"0,4856644322","-0,001131013895","-0,4094291471"
"0,5199965024","0,03618539705","-0,4119028527"
"0,5540290932","0,07266893099","-0,4100765412"
"0,5876222217","0,108649177","-0,4039660708"
"0,6210063064","0,1446232969","-0,3936929002"
"0,6539607069","0,1808912157","-0,3791870691"
"0,6862647826","0,2177528584","-0,3603786174"
"0,7176978931","0,2555081502","-0,3371975846"
"0,7480393979","0,2944570162","-0,3095740105"
"0,7770686566","0,3348993814","-0,2774379348"
"0,8045650286","0,3771351709","-0,2407193971"
"0,8302588284","0,4214191631","-0,1993644612"
"0,8538048293","0,4680261059","-0,1532000753"
"0,8747527203","0,5170884522","-0,1021748801"
"0,8926150039","0,5686834468","-0,04628571117"
"0,9069041914","0,6228809685","0,01446291255"
"0,917101359","0,6795154219","0,0798329705"
"0,9225790445","0,7389433544","0,1501776803"
"0,9226884559","0,8005695346","0,2248687183"
"0,9167808009","0,8637987309","0,3032777609"
"0,9042072874","0,9280357118","0,3847764847"
"0,8845320235","0,9925360244","0,4685520218"
"0,8567738212","1,056501876","0,5538298746"
"0,8204064173","1,118559235","0,6391884048"
"0,7754379247","1,177007427","0,7227914061"
"0,721876456","1,230145775","0,8028026722"
"0,6597301241","1,276273604","0,8773859968"
"0,5893658075","1,313885278","0,9448738692"
"0,5112447026","1,340376216","1,00244993"
"0,4267926986","1,354704675","1,048782166"
"0,3374974006","1,355937044","1,082642951"
"0,2448464136","1,343139716","1,102804657"
"0,1503349525","1,316056541","1,108712674"
"0,05630200858","1,27446395","1,099718691"
"-0,03578467504","1,219886511","1,077021676"
"-0,1244674579","1,153867896","1,041840939"
"-0,2083096143","1,077944108","0,9953906745"
"-0,286125981","0,9940052532","0,9392400598"
"-0,3570856302","0,9043739754","0,8754032275"
"-0,4209368245","0,8110569358","0,8056589595"
"-0,4774415119","0,7160252935","0,731754807"
"-0,5265475911","0,6211656742","0,6553722878"
"-0,5685037634","0,528054587","0,5779400641"
"-0,6037271983","0,4377636337","0,5004452166"
"-0,6326337661","0,3513341446","0,423848797"
"-0,6557130062","0,269618532","0,3489509631"
"-0,6735002346","0,1930797525","0,2762251605"
"-0,6865005011","0,1219430409","0,2059425056"
"-0,6951962342","0,05639106986","0,1383398764"
"-0,7001061158","-0,003491426486","0,07357389944"
"-0,7016449442","-0,05784188703","0,01162988124"
"-0,7001711199","-0,1068730728","-0,04756556917"
"-0,6960430431","-0,1507977446","-0,1040858428"
"-0,6895794337","-0,1898553316","-0,1580211955"
"-0,6810915039","-0,2243561339","-0,2095116582"
"-0,6707818657","-0,2546119818","-0,2586914395"
"-0,6588461565","-0,2809346113","-0,3056942676"
"-0,6454730088","-0,3036301589","-0,3506498545"
"-0,6308334427","-0,3230131972","-0,3936898675"
"-0,6150543258","-0,3393811604","-0,434931753"
"-0,5982265793","-0,3529988707","-0,4744707081"
"-0,5804411247","-0,3641311505","-0,5124019302"
"-0,5617800897","-0,3730306201","-0,5488140803"
"-0,542314782","-0,3799487228","-0,5837914719"
"-0,5220836241","-0,3850855778","-0,6173917176"
"-0,5011192647","-0,3886313004","-0,6496675181"
"-0,4794535156","-0,390773824","-0,6806707682"
"-0,4571093417","-0,3916841355","-0,7104455435"
"-0,434106141","-0,3915316913","-0,7390337642"
"-0,4104444743","-0,3904354449","-0,7664592327"
"-0,3861249025","-0,3885143496","-0,7927457512"
"-0,3611479863","-0,3858873587","-0,8179171222"
"-0,3355093418","-0,3826557198","-0,8419920921"
"-0,309202996","-0,3789233965","-0,8649891879"
"-0,2822146755","-0,3747549558","-0,8869175133"
"-0,25452975","-0,3702133087","-0,9077857613"
"-0,2261335889","-0,3653613662","-0,9276026249"
"-0,1970096191","-0,3602428606","-0,9463718952"
"-0,1671415501","-0,354928496","-0,9641058603"
"-0,1365092281","-0,3494427787","-0,9808055181"
"-0,1050918262","-0,3438014793","-0,996469583"
"-0,07286851794","-0,3380203682","-1,01109677"
"-0,03981847646","-0,3321152159","-1,024685793"
"-0,005920875143","-0,326101793","-1,037235366"
"0,02884294634","-0,3199579381","-1,048722675"
"0,06449990897","-0,3137303217","-1,059179049"
"0,1010707056","-0,3073910144","-1,068584531"
"0,1385757989","-0,3009093671","-1,076917325"
"0,1770356512","-0,2942547304","-1,08415563"
"0,2164707251","-0,2873964554","-1,090277651"
"0,2569014831","-0,2803038926","-1,095261587"
"0,2983483878","-0,272946393","-1,099085643"
"0,3408172004","-0,2652220927","-1,101658227"
"0,384349557","-0,257162873","-1,103043115"
"0,4289621642","-0,2487023258","-1,10318706"
"0,4746620782","-0,2397330627","-1,101992384"
"0,5214563557","-0,2301476948","-1,099361411"
"0,569352053","-0,2198388334","-1,095196462"
"0,6183562265","-0,2086990898","-1,089399862"
"0,6684759326","-0,1966210754","-1,081873932"
"0,7197008425","-0,1834524911","-1,072465933"
"0,7720499378","-0,16909032","-1,061089585"
"0,8255118729","-0,1533511894","-1,047560424"
"0,8800399081","-0,1359659418","-1,031587494"
"0,9355873035","-0,1166654197","-1,012879843"
"0,9921073194","-0,09518046536","-0,9911465146"
"1,04948217","-0,0711305816","-0,9659589417"
"1,107743473","-0,04432525943","-0,9371267872"
"1,166780405","-0,01433459445","-0,9041701204"
"1,226341838","0,01948515928","-0,8663452901"
"1,286176647","0,05777774772","-0,8229086449"
"1,346033704","0,1011869168","-0,7731165333"
"1,405553201","0,1504432026","-0,7161157576"
"1,46449439","0,2063252304","-0,6510141763"
"1,522175068","0,2699456564","-0,5764963193"
"1,577696571","0,3425581815","-0,4910640723"
"1,630143624","0,4254104209","-0,3932242145"
"1,678227952","0,5197813929","-0,2814106281"
"1,720972156","0,6274870015","-0,1534915995"
"1,755722789","0,7497764564","-0,007771021708"
"1,779826403","0,8878989675","0,1574472126"
"1,790496611","1,042999851","0,3437640313"
"1,783858265","1,215445547","0,5520832334"
"1,755257244","1,40402604","0,7817223693"
"1,699513304","1,606622773","1,03110967"
"1,611231112","1,81720157","1,294621459"
"1,485306907","2,027681155","1,56448444"
"1,317788566","2,225883998","1,828666692"
"1,107975139","2,396357603","2,071538093"
"0,8574607457","2,521457636","2,275090163"
"0,5746722395","2,585607948","2,423097729"
"0,270726757","2,576129788","2,502163694"
"-0,03930749848","2,488138447","2,506561983"
"-0,3402300713","2,325957939","2,439928289"
"-0,6187296289","2,100892263","2,31291165"
"-0,8654629685","1,829889683","2,141908913"
"-1,075729923","1,531350255","1,94481629"
"-1,248849736","1,222121052","1,737984694"
"-1,386911959","0,9164032384","1,535130148"
"-1,49383552","0,6233224739","1,344859646"
"-1,574020173","0,3498516777","1,173635254"
"-1,631758887","0,09893956036","1,023888829"
"-1,670811437","-0,128277991","0,8961754694"
"-1,694595404","-0,3317700548","0,7899793237"
"-1,705551172","-0,5127946437","0,7033852477"
"-1,705731971","-0,6727602987","0,6342684653"
"-1,696937278","-0,8134127568","0,5801875103"
"-1,680256527","-0,9362991962","0,538725196"
"-1,656655368","-1,042886606","0,5075101214"
"-1,627014219","-1,134519758","0,4843147779"
"-1,592033227","-1,212476416","0,4668146426"
"-1,552290531","-1,277588995","0,4533176386"
"-1,508354926","-1,330652081","0,442189952"
"-1,460778345","-1,372474056","0,432002553"
"-1,410132814","-1,403667638","0,4211318142"
"-1,356999057","-1,424773152","0,4083795014"
"-1,301911234","-1,436411001","0,3932423849"
"-1,245403503","-1,439201587","0,3752172352"
"-1,188010024","-1,433765315","0,3538008225"
"-1,130194642","-1,42072939","0,3286040729"
"-1,072544581","-1,400783021","0,2994259341"
"-1,015535712","-1,37468122","0,2663512717"
"-0,9594260163","-1,343191679","0,229726465"
"-0,9044734744","-1,307082094","0,1898978933"
"-0,850936067","-1,267120157","0,1472119362"
"-0,799019522","-1,224012531","0,1020053675"
"-0,7488976233","-1,178590492","0,05480343309"
"-0,7006352164","-1,13157936","0,006114241591"
"-0,6541641614","-1,083504257","-0,04363835947"
"-0,6094163183","-1,034890306","-0,09403052256"
"-0,5663235473","-0,9862626316","-0,1446384002"
"-0,5248174433","-0,9380753979","-0,1950818142"
"-0,4847728286","-0,8907576799","-0,2449627383"
"-0,4460248995","-0,8446426103","-0,2939600313"
"-0,4084156349","-0,7998875172","-0,3418759608"
"-0,3717870141","-0,7566497287","-0,3885127945"
"-0,3359810161","-0,7150865729","-0,4336728002"
"-0,3008484975","-0,6753306367","-0,4771786596"
"-0,2662213936","-0,6374627299","-0,5188848434"
"-0,231947284","-0,6014993455","-0,5586960858"
"-0,1979041457","-0,5673999939","-0,5965668676"
"-0,1639699559","-0,5351241852","-0,6324516699"
"-0,1300226918","-0,5046314297","-0,6663049739"
"-0,09596115182","-0,4758638796","-0,6980928419"
"-0,06165657896","-0,4487555922","-0,7277944876"
"-0,02701708368","-0,4232098464","-0,7554089261"
"0,008023675063","-0,3991136148","-0,7809446777"
"0,04353203831","-0,3763538698","-0,8044102625"
"0,07957434711","-0,3548175839","-0,8258142009"
"0,1162169425","-0,3343917296","-0,845165013"
"0,1534935063","-0,3149398903","-0,862428602"
"0,1914901256","-0,2963667043","-0,8776801635"
"0,2302583554","-0,2785493031","-0,8909427545"
"0,2698166114","-0,2613401195","-0,9021890658"
"0,3101833093","-0,2445915866","-0,9113917881"
"0,3513768647","-0,2281561372","-0,9185236121"
"0,3934156935","-0,2118862043","-0,9235572283"
"0,4363182113","-0,1956342209","-0,9264653276"
"0,4801028338","-0,1792526198","-0,9272206005"
"0,5247743638","-0,1625746879","-0,9257648331"
"0,5703385224","-0,1454414115","-0,9220424439"
"0,6167743441","-0,1276498334","-0,9159293884"
"0,6640541744","-0,1089863542","-0,9072855284"
"0,7121503586","-0,08923737453","-0,8959707257"
"0,7610121358","-0,06815688435","-0,8817976442"
"0,8106254407","-0,04554031092","-0,8646335366"
"0,8608890035","-0,02106243976","-0,8441767242"
"0,9116912923","0,005615780665","-0,8201060872"
"0,9629207753","0,03483340189","-0,7921005064"
"1,01439868","0,06699736999","-0,7597457979"
"1,066053358","0,1024515559","-0,7227151986"
"1,117559866","0,1417624396","-0,6803822543"
"1,16858189","0,1855063129","-0,6321072"
"1,218774931","0,2342608538","-0,5772476005"
"1,267626703","0,2886798491","-0,5150488949"
"1,314864455","0,3494701235","-0,4447266889"
"1,35952564","0,417455976","-0,365272988"
"1,400647714","0,4934617055","-0,2756797977"
"1,437256138","0,5783018648","-0,1749469791"
"1,468137075","0,6727817645","-0,0620423211"
"1,491608026","0,7775729182","0,06397100684"
"1,50570544","0,8928970492","0,2035834326"
"1,508347933","1,019540368","0,3579130721"
"1,496768285","1,156483218","0,5262469599"
"1,468032403","1,302056349","0,7071961089"
"1,419431655","1,453879464","0,8985994675"
"1,347087718","1,609065215","1,097929172"
"1,249066128","1,760719819","1,298305812"
"1,12373754","1,901466124","1,492312695"
"0,970359155","2,023164731","1,67169876"
"0,7902489187","2,115615506","1,825956864"
"0,5881153554","2,170254428","1,946018138"
"0,3694271682","2,179531599","2,023794966"
"0,1423990046","2,138453606","2,053559528"
"-0,08439110707","2,048503017","2,036150208"
"-0,3025250761","1,912806538","1,974005466"
"-0,5050129363","1,739228478","1,874324512"
"-0,6867956239","1,537556751","1,74628735"
"-0,8452302564","1,31815452","1,599676811"
"-0,9794769451","1,090907264","1,443839009"
"-1,090431947","0,8639407235","1,286389503"
"-1,179868087","0,6441903584","1,133799958"
"-1,250207013","0,4356676663","0,989664884"
"-1,303903964","0,2415615662","0,8567744188"
"-1,343533074","0,06367460715","0,736601944"
"-1,371172183","-0,09777929701","0,6290718288"
"-1,388776919","-0,242791451","0,5339120858"
"-1,398103228","-0,3718983446","0,4503547061"
"-1,400412715","-0,4860661006","0,3772338178"
"-1,396814917","-0,5862792316","0,3133779247"
"-1,388368696","-0,6736430306","0,2575008061"
"-1,375828426","-0,7492368565","0,2083887566"
"-1,359746224","-0,8140201154","0,1649868197"
"-1,340674204","-0,8689522135","0,1262400392"
"-1,319099994","-0,9149186021","0,09121202767"
"-1,295469272","-0,9528196837","0,05890610453"
"-1,27008145","-0,9833229753","0,02871219546"
"-1,243215261","-1,00706316","0,00007608726518"
"-1,215149435","-1,024674921","-0,02755643325"
"-1,186113511","-1,036726741","-0,05460450432"
"-1,156394094","-1,043827391","-0,0816057107"
"-1,126161847","-1,046430601","-0,1087645453"
"-1,095556959","-1,04495221","-0,1362033802"
"-1,06471962","-1,039808056","-0,1640445879"
"-1,033790018","-1,031413977","-0,1924105404"
"-1,002888484","-1,020162412","-0,2213995097"
"-0,97212747","-1,006438179","-0,2510367097"
"-0,9416025257","-0,9905983245","-0,2813073853"
"-0,9113431851","-0,9729191623","-0,3121349621"
"-0,8813789816","-0,9536770048","-0,3434428661"
"-0,851739449","-0,9331481644","-0,3751545231"
"-0,8224541208","-0,911608954","-0,407193359"
"-0,7935075414","-0,8892367864","-0,4394762696"
"-0,764935976","-0,8663861697","-0,4718615044"
"-0,7367028289","-0,8432027364","-0,5042542417"
"-0,7087674417","-0,8198210259","-0,5365614972"
"-0,6810891559","-0,7963755779","-0,5686902864"
"-0,653627313","-0,7730009318","-0,6005476249"
"-0,6263412545","-0,7498316272","-0,6320405284"
"-0,599190325","-0,7270021372","-0,6630760524"
"-0,5721266133","-0,7045749888","-0,6935936417"
"-0,5450869124","-0,6826889038","-0,7234763658"
"-0,5180174598","-0,6613743032","-0,7526784383"
"-0,4908644927","-0,640661608","-0,7811540727"
"-0,4635742486","-0,6205812394","-0,8088574826"
"-0,4360929646","-0,6011636183","-0,8357428816"
"-0,4083668782","-0,5824391659","-0,8617644833"
"-0,3803458719","-0,5644295979","-0,8868831001"
"-0,3519777062","-0,547142093","-0,9110675404"
"-0,3232026387","-0,5305916961","-0,9342793222"
"-0,2939780289","-0,5147583936","-0,9565075054"
"-0,2642612364","-0,4996221719","-0,9777411495"
"-0,2340096207","-0,4851630176","-0,9979693141"
"-0,2031805413","-0,4713609171","-1,017181059"
"-0,1717313577","-0,4581958568","-1,035365443"
"-0,1396195159","-0,4456476477","-1,052511506"
"-0,1068121006","-0,4336753448","-1,068612658"
"-0,07326170236","-0,4222653494","-1,083673177"
"-0,03893633155","-0,411372878","-1,097690521"
"-0,00380399855","-0,4009531471","-1,110662147"
"0,03216728628","-0,3909613732","-1,122585511"
"0,06900951258","-0,3813527728","-1,133458073"
"0,10675467","-0,3720825623","-1,143277288"
"0,1454347481","-0,3631059583","-1,152040614"
"0,1850680531","-0,3543220605","-1,15967864"
"0,2257013172","-0,3457581544","-1,166294037"
"0,2673632633","-0,3373554497","-1,171875493"
"0,3100770185","-0,3290304765","-1,176380168"
"0,3538657095","-0,3206997655","-1,179765222"
"0,3987524634","-0,3122798467","-1,181987816"
"0,4447604069","-0,3036872507","-1,183005108"
"0,491912667","-0,2948385077","-1,182774261"
"0,5402323705","-0,285650148","-1,181252433"
"0,5897426444","-0,2760387021","-1,178396785"
"0,6404502869","-0,2658593002","-1,174084651"
"0,6923970912","-0,255075786","-1,16833451"
"0,7455918474","-0,2435329456","-1,161011026"
"0,8000312776","-0,2310328611","-1,151923481"
"0,8557121045","-0,2173776149","-1,140881152"
"0,9126310502","-0,2023692892","-1,127693321"
"0,9707848372","-0,1858099662","-1,112169267"
"1,03015238","-0,1674443528","-1,094047357"
"1,090717456","-0,1470088503","-1,073055793"
"1,152408775","-0,1240993075","-1,048750794"
"1,215150812","-0,09830048546","-1,020674957"
"1,278834988","-0,06912990926","-0,9882893036"
"1,343391263","-0,03614151437","-0,9511014629"
"1,40858381","0,001418177458","-0,9082488471"
"1,474150267","0,04435063827","-0,858810735"
"1,539738","0,09356288428","-0,8017375156"
"1,605115489","0,1499300826","-0,7360289378"
"1,669580279","0,2148317362","-0,6600706054"
"1,732294705","0,2897838435","-0,5720803139"
"1,792183396","0,3763583107","-0,4701898633"
"1,84847516","0,4763836078","-0,3522752794"
"1,89914802","0,591978377","-0,2157645656"
"1,941574643","0,7253312239","-0,05794746269"
"1,973065786","0,8785868284","0,1238518493"
"1,989927651","1,0536509","0,3321725985"
"1,987134827","1,251439086","0,568622257"
"1,958890451","1,472422489","0,8344363887"
"1,89795934","1,713027793","1,126747065"
"1,796856087","1,967482999","1,440410009"
"1,647634381","2,225211904","1,765415147"
"1,445422413","2,468517692","2,084186539"
"1,186534368","2,675939416","2,375204859"
"0,8764498647","2,822566663","2,613046528"
"0,5260529964","2,885562089","2,774167432"
"0,1532856444","2,84746693","2,840190222"
"-0,2198566521","2,707357706","2,809484241"
"-0,572198533","2,473969274","2,69016816"
"-0,8873803467","2,168662462","2,503205423"
"-1,156016498","1,817383029","2,274250251"
"-1,375534346","1,445317551","2,028209825"
"-1,548292275","1,073612315","1,785922281"
"-1,679669125","0,7164097568","1,561107392"
"-1,776032976","0,3836655928","1,363290189"
"-1,843312445","0,07905929569","1,195541866"
"-1,88685573","-0,1956254289","1,058969474"
"-1,910935699","-0,4411687978","0,9519842204"
"-1,91865227","-0,6593130425","0,8717288028"
"-1,912702286","-0,8522783692","0,8149004313"
"-1,894667036","-1,022172071","0,7777717317"
"-1,865829738","-1,17090334","0,7566201197"
"-1,827289841","-1,300174692","0,7477963025"
"-1,77983038","-1,411363554","0,7476847185"
"-1,724219351","-1,505167784","0,7532188386"
"-1,661231642","-1,582301931","0,7613890504"
"-1,591689576","-1,643377872","0,7695898936"
"-1,51642315","-1,688364211","0,7745132"
"-1,436552288","-1,717812242","0,7748817586"
"-1,353196913","-1,732273261","0,7694183578"
"-1,267476948","-1,732298561","0,7568457865"
"-1,180418948","-1,718592966","0,7362606038"
"-1,093444845","-1,691998037","0,7071072861"
"-1,007484085","-1,653882279","0,6698583214"
"-0,9233304739","-1,605721691","0,625214197"
"-0,8417778195","-1,54899227","0,5738754001"
"-0,7634355659","-1,485143316","0,5166482737"
"-0,6889233039","-1,416030866","0,4547925195"
"-0,6183158527","-1,343065528","0,3894159761"
"-0,5516135762","-1,267594668","0,321605788"
"-0,4888168382","-1,190965651","0,2524490998"
"-0,4298376785","-1,114287651","0,1828967734"
"-0,3744323667","-1,038759592","0,1140001431"
"-0,3222744399","-0,9649584749","0,04634007438"
"-0,2730328804","-0,8934213478","-0,01953110534"
"-0,2263766708","-0,8246852587","-0,08306106853"
"-0,1819808604","-0,7591099621","-0,1438358515"
"-0,139460954","-0,6969625835","-0,2014996592"
"-0,09853075662","-0,638238115","-0,2559238812"
"-0,0589042055","-0,5829311522","-0,3069802381"
"-0,02030547638","-0,5310264065","-0,3545482238"
"0,01752836864","-0,4824395093","-0,3985606777"
"0,05482290865","-0,4370078223","-0,4390123523"
"0,09174210102","-0,3945219621","-0,4759353521"
"0,1284499031","-0,3547725452","-0,5093617814"
"0,1650841312","-0,3175456539","-0,5393176966"
"0,2018069296","-0,2826065364","-0,565866002"
"0,238718695","-0,249702796","-0,5890622833"
"0,275874365","-0,2185779285","-0,6089465584"
"0,313328877","-0,1889754296","-0,6255588453"
"0,3511371686","-0,1606387951","-0,6389391617"
"0,3892512041","-0,1332836825","-0,6490014789"
"0,4277988216","-0,1066885077","-0,6558938734"
"0,4669011371","-0,08062744015","-0,6597538524"
"0,5064832625","-0,05481729749","-0,6604737533"
"0,5464703094","-0,02897489721","-0,6579459136"
"0,5867873897","-0,002817056847","-0,652062671"
"0,6273596151","0,02393940606","-0,6427163629"
"0,6681120975","0,05157767397","-0,6297993269"
"0,7089699487","0,08038092936","-0,6132039005"
"0,7498582803","0,1106323547","-0,5928224212"
"0,7904540334","0,1426447341","-0,5684257816"
"0,8309574631","0,176720244","-0,5398949653"
"0,8711367142","0,2132146213","-0,5069341034"
"0,91059475","0,2524990449","-0,4691830415"
"0,9489345338","0,2949446933","-0,4262816252"
"0,985759029","0,3409227454","-0,3778697002"
"1,020671199","0,3908043799","-0,323587112"
"1,053274007","0,4449607754","-0,2630737064"
"1,083059211","0,5037269355","-0,1959704528"
"1,109314093","0,567469392","-0,1218375492"
"1,131183659","0,6363835504","-0,04040083986"
"1,147764218","0,7104710083","0,04841277808"
"1,158130652","0,7901392797","0,1451236377"
"1,161089923","0,8750816503","0,2495384579"
"1,155342352","0,9644807357","0,3609303686"
"1,139588255","1,057519151","0,4785724998"
"1,112785486","1,152917527","0,6012207845"
"1,072971033","1,24955879","0,7279412721"
"1,019396504","1,344463663","0,8557064523"
"0,951489211","1,434437744","0,9812407508"
"0,8687620592","1,516345872","1,101321304"
"0,7710778065","1,586413224","1,212041603"
"0,6592959082","1,640326853","1,308840825"
"0,5356791437","1,674836344","1,388108886"
"0,4024743507","1,686943358","1,446493479"
"0,2627343726","1,673794127","1,480700593"
"0,1202496462","1,634773551","1,489594762"
"-0,02140635313","1,571278059","1,47409592"
"-0,1587042889","1,48485424","1,435263668"
"-0,2884000239","1,378621098","1,375686084"
"-0,4082681858","1,256709249","1,299029105"
"-0,5165833876","1,123506776","1,20923255"
"-0,612438432","0,9834287815","1,110295087"
"-0,6956687148","0,8404744899","1,005849847"
"-0,7664854152","0,6983227444","0,8992493001"
"-0,8256413101","0,5597438697","0,7929910593"
"-0,8740068316","0,4269676945","0,6890882293"
"-0,9126747353","0,3018493121","0,5892085054"
"-0,942703971","0,1851301768","0,4940001897"
"-0,9651299558","0,07749124209","0,4040596572"
"-0,9810112965","-0,0206739699","0,3197316823"
"-0,99125151","-0,1094744972","0,2409324395"
"-0,9965940915","-0,1892400291","0,1673959151"
"-0,9977654785","-0,260304407","0,09885562173"
"-0,9954365612","-0,3231152558","0,03495897897"
"-0,9901320357","-0,3782283239","-0,02471168523"
"-0,9822633994","-0,4262038657","-0,08055770335"
"-0,9722208275","-0,4675846752","-0,1329608435"
"-0,960377153","-0,5029423976","-0,1823194569"
"-0,9470525523","-0,5328564323","-0,2290225644"
"-0,9324263463","-0,557786879","-0,2733271624"
"-0,9166778555","-0,5781938374","-0,3154902469"
"-0,8999864007","-0,5945374069","-0,3557688141"
"-0,8825170009","-0,6072586817","-0,3944020677"
"-0,8643938825","-0,6167645341","-0,4315856522"
"-0,8456990022","-0,6233924467","-0,4674564803"
"-0,8265011098","-0,6274561056","-0,5021325215"
"-0,8068647506","-0,629259373","-0,5357260075"
"-0,7868447673","-0,6290913647","-0,5683347863"
"-0,7664909784","-0,6272356835","-0,6000471988"
"-0,7458154333","-0,6238853333","-0,6308997137"
"-0,7248301811","-0,619233318","-0,6609287999"
"-0,7035472712","-0,6134726413","-0,6901709258"
"-0,681975364","-0,6067844172","-0,7186587647"
"-0,6601164004","-0,5993378174","-0,7464136598"
"-0,6379639579","-0,5912744929","-0,7734466166"
"-0,6155017882","-0,5826979527","-0,7997587269"
"-0,5927136431","-0,5737117063","-0,8253510821"
"-0,5695832743","-0,5644192627","-0,8502247741"
"-0,5460923168","-0,5549072382","-0,8743798106"
"-0,522220943","-0,5452743519","-0,897811799"
"-0,4979452875","-0,5355902477","-0,920515044"
"-0,473238726","-0,5258982852","-0,9424833494"
"-0,4480746343","-0,5162418241","-0,963710519"
"-0,4224263883","-0,5066642239","-0,9841903567"
"-0,3962673637","-0,4972088443","-1,003916666"
"-0,3695709053","-0,4879099119","-1,022884091"
"-0,3423084541","-0,478801282","-1,041085815"
"-0,314451475","-0,4699046043","-1,058516729"
"-0,2859718568","-0,4612262294","-1,075173628"
"-0,2568414882","-0,4527725077","-1,091053305"
"-0,227032258","-0,4445497896","-1,106152553"
"-0,1965160549","-0,4365644254","-1,120468168"
"-0,1652650807","-0,4288160388","-1,133996263"
"-0,1332511241","-0,4213069528","-1,146736544"
"-0,1004462518","-0,414030471","-1,158688052"
"-0,06682305297","-0,4069693859","-1,169848086"
"-0,03235411681","-0,4001064899","-1,180213943"
"0,002987967458","-0,3934245755","-1,18978292"
"0,03923061065","-0,3869064352","-1,198552315"
"0,0764003222","-0,3805180447","-1,206504036"
"0,1145250647","-0,3742530301","-1,213654041"
"0,1536327317","-0,36809245","-1,220007031"
"0,1937499897","-0,3619920891","-1,225542851"
"0,2349035056","-0,3559077322","-1,23024135"
"0,2771199458","-0,3497951641","-1,234082376"
"0,320425977","-0,3436101696","-1,237045777"
"0,3648482658","-0,3373085334","-1,239111399"
"0,4104134789","-0,3308460405","-1,240259091"
"0,4571467734","-0,3241582614","-1,240453028"
"0,5050753433","-0,3171882153","-1,239661842"
"0,5542232889","-0,3098591061","-1,237825752"
"0,604613605","-0,3020839724","-1,234875607"
"0,6562692862","-0,2937758525","-1,230742256"
"0,7092049022","-0,2848021636","-1,225301041"
"0,7634570748","-0,2751270427","-1,218547348"
"0,8190357047","-0,2645865983","-1,210317337"
"0,8759470885","-0,2529994579","-1,200425576"
"0,934197523","-0,2401842489","-1,18868663"
"0,9937933048","-0,2259595985","-1,174915067"
"1,054734606","-0,2101144914","-1,158890853"
"1,117006322","-0,1923720553","-1,140313712"
"1,180574619","-0,1723955889","-1,118811266"
"1,245394623","-0,1498136778","-1,093969161"
"1,311438451","-0,1242786226","-1,065404367"
"1,378572366","-0,09516869246","-1,032406097"
"1,446662634","-0,06186215668","-0,9942635608"
"1,515502123","-0,02360869875","-0,9501120399"
"1,58500503","0,0202210628","-0,8992386794"
"1,654732546","0,07083369707","-0,8402434376"
"1,724176299","0,1295453545","-0,7715949113"
"1,792657878","0,1977870084","-0,6916172256"
"1,859748393","0,2770250294","-0,5986194688"
"1,924320624","0,3693030558","-0,490203989"
"1,984505399","0,4771246581","-0,3633897029"
"2,038433546","0,602993407","-0,2151955271"
"2,083257023","0,7490827704","-0,04290753625"
"2,116890103","0,9197762412","0,1585470057"
"2,133175313","1,1162786","0,3912048244"
"2,125922785","1,339767149","0,6570759496"
"2,088627944","1,590425066","0,957153253"
"2,012019876","1,866462265","1,290684001"
"1,886357339","2,156977392","1,647461009"
"1,702819581","2,447977792","2,014001678"
"1,452760931","2,717197852","2,368410139"
"1,138440667","2,93406259","2,679691232"
"0,7660826624","3,067595488","2,916308983"
"0,3540720739","3,090011198","3,049531379"
"-0,07153232704","2,989636084","3,066927299"
"-0,4830826004","2,769797114","2,97119215"
"-0,8565656197","2,452397991","2,783974474"
"-1,177158849","2,06878342","2,536560086"
"-1,438888391","1,651946804","2,261960887"
"-1,643831569","1,229528523","1,987745806"
"-1,798211438","0,8219580585","1,734197871"
"-1,909886602","0,440857207","1,512548428"
"-1,9867733","0,0929266727","1,32906927"
"-2,035132008","-0,2208625757","1,183930374"
"-2,060370802","-0,5011277913","1,075604639"
"-2,066235474","-0,7502782309","1,000352098"
"-2,055228641","-0,9709002956","0,9536242137"
"-2,029479593","-1,165745182","0,9306936194"
"-1,990204914","-1,336981023","0,9265975033"
"-1,938226447","-1,485825388","0,936539856"
"-1,874475678","-1,61345341","0,9558335749"
"-1,799769074","-1,720467257","0,9796652503"
"-1,715054598","-1,806851751","1,003963182"
"-1,621658969","-1,872501408","1,02520874"
"-1,520838523","-1,917621188","1,040401144"
"-1,414277751","-1,941516944","1,045607897"
"-1,303933335","-1,944641791","1,039165704"
"-1,191629979","-1,928318383","1,020807232"
"-1,079192386","-1,893869373","0,990265153"
"-0,9683906102","-1,842672424","0,947345552"
"-0,8609672491","-1,776855258","0,8928794503"
"-0,7580683754","-1,698964456","0,8286010271"
"-0,6604882564","-1,611567152","0,7563656278"
"-0,5688993642","-1,51717174","0,6780256068"
"-0,4836754979","-1,418406084","0,5956782967"
"-0,4046764756","-1,317310211","0,5110693794"
"-0,3316936043","-1,215812227","0,4258684779"
"-0,2644187108","-1,115624963","0,3415993143"
"-0,2023446358","-1,018077308","0,2595024311"
"-0,1449206509","-0,9239884407","0,1804106574"
"-0,09161523631","-0,8340979927","0,1050900652"
"-0,04182285661","-0,7490123043","0,03420934696"
"0,004970195429","-0,6688855299","-0,03193124596"
"0,04921757706","-0,5937068681","-0,09317077391"
"0,09137043476","-0,5234637022","-0,1493497294"
"0,1318257566","-0,4580366381","-0,2003918786"
"0,1709663907","-0,3971826944","-0,2463182954"
"0,2090310206","-0,3405616998","-0,2872275148"
"0,2462583299","-0,2878334835","-0,3232180717"
"0,2828367322","-0,2386597147","-0,354374738"
"0,3190098921","-0,1926449837","-0,3808508146"
"0,354883236","-0,1493972665","-0,4027636486"
"0,3905076491","-0,1085335457","-0,4202088953"
"0,4259340163","-0,06967080434","-0,4332822101"
"0,4612132226","-0,0324260252","-0,4420792481"
"0,4962843488","0,003554356379","-0,446620611"
"0,5312982702","0,0386831239","-0,4470798897"
"0,5662213517","0,07331874852","-0,4434804518"
"0,600918313","0,1077917094","-0,4357724136"
"0,6352538738","0,1424324859","-0,4239058909"
"0,6690927534","0,1775715571","-0,4078309998"
"0,7022996717","0,2135394023","-0,3874978565"
"0,7347393481","0,2506665006","-0,3628565768"
"0,7660650795","0,2891002635","-0,3339427093"
"0,7963601956","0,3294388272","-0,3004258463"
"0,8253034702","0,3719538791","-0,2621589683"
"0,8524397819","0,416797368","-0,2190669081"
"0,8773140091","0,4641212428","-0,1710744984"
"0,8994710301","0,5140774522","-0,1181065719"
"0,9184557236","0,5668179451","-0,06008796144"
"0,9338129678","0,6224946702","0,003056500325"
"0,9450383463","0,6809025549","0,07104714309"
"0,9513952752","0,742517149","0,144413306"
"0,9521704872","0,8067948638","0,2226025077"
"0,9466572808","0,8730294234","0,3048886081"
"0,9341489542","0,9405145522","0,3905454669"
"0,9139388059","1,008543974","0,4788469437"
"0,8857701653","1,076065166","0,5686486057"
"0,8480689902","1,141940602","0,658923567"
"0,800926661","1,20426914","0,7476272941"
"0,7445416765","1,261107914","0,8326569954"
"0,6791125354","1,310514059","0,9119098795"
"0,6048400153","1,350550912","0,9832892985"
"0,5224234051","1,379531382","1,044912585"
"0,4329357581","1,394763484","1,093799687"
"0,3381880541","1,395648627","1,12902577"
"0,2399912728","1,381588219","1,149665998"
"0,1400586527","1,352122108","1,1549437"
"0,04051389533","1,307322965","1,144550359"
"-0,0564721166","1,248256955","1,119138792"
"-0,1495227719","1,176923225","1,080376242"
"-0,2372614594","1,095320924","1,029929955"
"-0,318409926","1,005439187","0,9694653695"
"-0,3920368439","0,9097882887","0,9011622024"
"-0,4578661203","0,8106424464","0,8270422799"
"-0,5158232742","0,7100811936","0,7489636303"
"-0,5659207226","0,6100438996","0,6686618669"
"-0,6084424434","0,5123033516","0,5877396568"
"-0,6438803155","0,4179541796","0,5072055384"
"-0,6727393136","0,3280042907","0,4279916511"
"-0,6955659462","0,2432773281","0,3508708089"
"-0,7129666779","0,1642857405","0,276355955"
"-0,7254793948","0,09116460314","0,2046390467"
"-0,7336385167","0,02404532136","0,1359092396"
"-0,737944171","-0,0370590814","0,07026074414"
"-0,7389020442","-0,0922695082","0,007683623892"
"-0,7368683058","-0,1418591443","-0,05194525864"
"-0,732199125","-0,1861011748","-0,108749041"
"-0,7252290639","-0,2252721112","-0,1628513614"
"-0,7162745277","-0,2597100276","-0,2144176355"
"-0,7055590637","-0,2897576596","-0,2636077012"
"-0,6932710946","-0,3157498962","-0,3105726978"
"-0,6795990431","-0,3380216261","-0,3554637644"
"-0,6646945979","-0,3568823107","-0,3984119515"
"-0,6487271124","-0,3726906497","-0,4395766763"
"-0,6317745928","-0,385710276","-0,4790520132"
"-0,6139135814","-0,3962032766","-0,516930974"
"-0,5952206202","-0,4044317386","-0,5533065705"
"-0,5757643957","-0,4106428078","-0,5882648762"
"-0,5556050743","-0,4150867749","-0,621888004"
"-0,53477331","-0,4179606808","-0,6542306616"
"-0,5132863947","-0,4194325629","-0,6853347005"
"-0,4911616205","-0,4196704583","-0,7152419722"
"-0,4684162795","-0,4188424043","-0,7439943281"
"-0,4450594716","-0,4170952425","-0,7716253524"
"-0,4210931922","-0,4145628495","-0,7981622984"
"-0,3965104807","-0,4113475533","-0,8236230399"
"-0,3713043152","-0,407551474","-0,8480253856"
"-0,3454652893","-0,4032651239","-0,8713843852"
"-0,3189839198","-0,3985877306","-0,8937161381"
"-0,2918437215","-0,3935808979","-0,9150288567"
"-0,264026558","-0,3882968751","-0,9353287585"
"0,3266046907","1,744987339","1,548939"
"0,1757279349","1,715946615","1,570532986"
"0,02397315762","1,659158697","1,564858723"
"-0,1240104567","1,575672718","1,53237601"
"-0,2650494931","1,469284315","1,476361576"
"-0,3962818427","1,344199709","1,400527431"
"-0,5153028798","1,205000276","1,308956518"
"-0,6209696061","1,056797797","1,206297445"
"-0,712896528","0,9042552575","1,09680382"
"-0,7912233882","0,7516320373","0,9843627051"
"-0,8567157485","0,6021863174","0,8719223764"
"-0,9103201493","0,4587626891","0,7620558046"
"-0,9532224387","0,3232062685","0,6564063641"
"-0,9866189679","0,1966814405","0,5559886833"
"-1,011703011","0,08007347695","0,4615633806"
"-1,029651419","-0,02626988452","0,3734210489"
"-1,041388247","-0,1225422329","0,291376251"
"-1,047823792","-0,2089428873","0,2152407146"
"-1,0498003","-0,285826336","0,1447029906"
"-1,04800932","-0,3537504692","0,07929921201"
"-1,042976788","-0,4133187921","0,01855137023"
"-1,035204122","-0,4651185146","-0,03799779337"
"-1,025171368","-0,5097798756","-0,09083451384"
"-1,013275163","-0,5479484353","-0,1404363438"
"-0,9997550995","-0,5801616926","-0,1871461662"
"-0,9848507669","-0,6069571465","-0,2313068642"
"-0,9688017558","-0,6288722959","-0,2732613209"
"-0,9518072353","-0,6463990214","-0,3133031861"
"-0,9340458035","-0,6600383437","-0,3517177272"
"-0,9156194844","-0,6701686952","-0,3886751007"
"-0,8966210603","-0,6771541504","-0,4243319633"
"-0,8771433136","-0,6813587838","-0,4588449719"
"-0,8572632823","-0,6831159152","-0,4923468374"
"-0,8370506254","-0,6827557519","-0,5249556749"
"-0,8165368763","-0,6805230807","-0,5567319287"
"-0,795746908","-0,6766478043","-0,5877261833"
"-0,7747055933","-0,6713598253","-0,6179890234"
"-0,753426592","-0,6648557505","-0,6475573411"
"-0,7319315305","-0,6573695771","-0,6764708106"
"-0,7102165781","-0,6490534029","-0,7047392214"
"-0,6882696685","-0,6400326359","-0,7323631819"
"-0,6660787353","-0,6304326839","-0,7593433008"
"-0,6436317122","-0,6203789548","-0,7856801865"
"-0,6209160116","-0,6099933513","-0,8113742602"
"-0,5979124489","-0,5993704002","-0,8364192126"
"-0,5746013437","-0,588618212","-0,8608051398"
"-0,5509560203","-0,5777924702","-0,884521413"
"-0,5269498026","-0,5669488581","-0,9075574033"
"-0,5025560146","-0,5561430592","-0,9299024818"
"-0,4777479804","-0,5454307567","-0,9515460197"
"-0,4524988162","-0,5348542293","-0,972479267"
"-0,4267791437","-0,5244644519","-0,9926889592"
"-0,4005594994","-0,5142914053","-1,012165626"
"-0,3738106734","-0,5043488552","-1,030902805"
"-0,3465034556","-0,4946505677","-1,048894033"
"-0,3186086361","-0,4852103084","-1,066132846"
"-0,290097005","-0,4760418433","-1,082612783"
"-0,2609396282","-0,4671552625","-1,098327683"
"-0,2311075854","-0,458553567","-1,11327326"
"-0,2005711823","-0,4502441584","-1,127446018"
"-0,169302297","-0,4422150087","-1,140843812"
"-0,1372728073","-0,4344540898","-1,153464493"
"-0,1044545913","-0,4269493736","-1,165305915"
"-0,070819527","-0,419688832","-1,17636593"
"-0,03633949226","-0,4126604368","-1,186642391"
"-0,0009872357615","-0,4058376883","-1,196127678"
"0,03526547174","-0,3992152846","-1,204831672"
"0,07244611195","-0,3927624526","-1,212747067"
"0,1105820771","-0,3864463628","-1,219865312"
"0,1497007594","-0,3802341854","-1,226177856"
"0,189829551","-0,374093091","-1,231676149"
"0,2309958441","-0,3679902499","-1,236351638"
"0,2732218029","-0,3618450622","-1,24013931"
"0,3165410631","-0,3556754143","-1,243100777"
"0,3609837065","-0,3494549428","-1,245241582"
"0,4065742933","-0,3431058417","-1,246504335"
"0,4533373841","-0,336550305","-1,246831645"
"0,5012975391","-0,3297105264","-1,246166123"
"0,5504793188","-0,3225087","-1,244450378"
"0,6009072835","-0,3148670196","-1,241627021"
"0,6526059936","-0,3067076791","-1,23763866"
"0,7055992321","-0,2979492552","-1,2324234"
"0,7599017732","-0,2884538447","-1,22584992"
"0,8155498018","-0,2781666205","-1,217891637"
"0,8725475375","-0,2668890976","-1,208342749"
"0,9308991997","-0,2544227909","-1,196997455"
"0,9906090082","-0,2405692154","-1,183649951"
"1,051676233","-0,2251153904","-1,168076874"
"1,114067173","-0,2077372925","-1,149919372"
"1,177849259","-0,1883771549","-1,129144684"
"1,242933426","-0,1665173694","-1,105165365"
"1,309230609","-0,1416403283","-1,077393971"
"1,376651741","-0,1132284236","-1,045243057"
"1,445100756","-0,08075120035","-1,008109877"
"1,514428401","-0,04353254628","-0,9652215326"
"1,584459189","-0,000789219819","-0,9156834738"
"1,654797223","0,04865384183","-0,858134409"
"1,72501479","0,1060012212","-0,791176912"
"1,794616913","0,1725984095","-0,713249373"
"1,863001459","0,2500245221","-0,6225233672"
"1,928852556","0,340519972","-0,5163630329"
"1,990733489","0,4463077184","-0,3921397366"
"2,047060414","0,5699114699","-0,2468821498"
"2,095641511","0,7143673506","-0,0769881492"
"2,132249422","0,8824439325","0,1210564164"
"2,152633195","1,076887114","0,3507440207"
"2,151325199","1,29989134","0,6151134424"
"2,120685634","1,55153981","0,9151924279"
"2,051818352","1,82969351","1,249810316"
"1,934726978","2,126031027","1,611463173"
"1,759008684","2,427517544","1,987834936"
"1,51782086","2,710773366","2,355790625"
"1,20766857","2,946456549","2,685901794"
"0,8365252475","3,101574508","2,944589599"
"0,4204694289","3,145123646","3,100009939"
"-0,01410611955","3,061958632","3,136160152"
"-0,438227999","2,853022646","3,053390609"
"-0,8260937676","2,538842899","2,871928986"
"-1,160620631","2,151427705","2,623742135"
"-1,434821423","1,72526497","2,343353522"
"-1,649768274","1,291009237","2,061420576"
"-1,811888143","0,8695384872","1,798642342"
"-1,92938533","0,4754862373","1,5694107"
"-2,010186988","0,1145652383","1,378912957"
"-2,061327664","-0,2107493876","1,228949995"
"-2,088221064","-0,5015413414","1,117454602"
"-2,094771376","-0,7600875897","1,040675813"
"-2,084059696","-0,989359011","0,9940790903"
"-2,057710248","-1,191826477","0,9725029142"
"-2,017153413","-1,369682541","0,9707991856"
"-1,963316581","-1,524841955","0,9836930648"
"-1,897030324","-1,657979767","1,006268927"
"-1,81918005","-1,769431812","1,033752122"
"-1,7308293","-1,859588321","1,061976521"
"-1,632910914","-1,927524993","1,085532371"
"-1,527247007","-1,973356026","1,101795838"
"-1,415724151","-1,997295679","1,108375765"
"-1,30022742","-1,999559757","1,102883945"
"-1,182539726","-1,980862794","1,084102101"
"-1,065401027","-1,942165416","1,050914593"
"-0,9503006614","-1,885944168","1,004703552"
"-0,838727964","-1,814675596","0,9468511072"
"-0,7321376145","-1,730811565","0,8787322399"
"-0,6316397015","-1,637108498","0,8022399729"
"-0,5377517837","-1,536495025","0,7197018785"
"-0,4505660513","-1,431483446","0,6332049424"
"-0,3701150123","-1,324472165","0,5447557777"
"-0,2961610055","-1,217693868","0,4562980496"
"-0,2281942143","-1,112619365","0,3691923021"
"-0,1656721606","-1,0105482","0,2846620972"
"-0,1080446661","-0,9125295518","0,2037377219"
"-0,05462510055","-0,819407282","0,127294094"
"-0,004868953034","-0,7313581536","0,0556520036"
"0,04176828721","-0,6485589296","-0,01086775911"
"0,08579889207","-0,5711360163","-0,07198626284"
"0,1277388701","-0,4990189244","-0,127579691"
"0,167962171","-0,4319386891","-0,177682734"
"0,2067700321","-0,3695645455","-0,2223820061"
"0,2444636904","-0,3115657285","-0,2617641218"
"0,2812914081","-0,2575832909","-0,2959322014"
"0,3174872369","-0,2071964711","-0,3250403159"
"0,3531595543","-0,159985897","-0,3492232623"
"0,3884120455","-0,1155322128","-0,368615148"
"0,4232667501","-0,07344797361","-0,3832959339"
"0,4578689602","-0,03328350147","-0,3934498491"
"0,492334406","0,005404960206","-0,3992340656"
"0,526572278","0,04297771397","-0,400660196"
"0,5604917669","0,07979506234","-0,3977398524"
"0,5940020632","0,1162173079","-0,3904846475"
"0,6270123575","0,1526047531","-0,3789061936"
"0,6594318404","0,1893177005","-0,3630161031"
"0,6910947732","0,2266569848","-0,34284685"
"0,7218264574","0,2649394283","-0,3183484398"
"0,7516667442","0,3046884746","-0,2893275077"
"0,7802349084","0,3460946452","-0,2557222905"
"0,8071502248","0,3893484613","-0,217471025"
"0,8320319684","0,4346404442","-0,1745119482"
"0,8544994138","0,4821611154","-0,1267832968"
"0,874171836","0,5321009961","-0,07422330774"
"0,8906652674","0,5846298765","-0,01678902246"
"0,9034847844","0,6397903382","0,0455076438"
"0,9120217556","0,6975507019","0,1126083262"
"0,9156450546","0,757603511","0,184171427"
"0,9137235551","0,8196413086","0,2598553488"
"0,9056518974","0,8831808075","0,3391393941"
"0,8906800839","0,947719404","0,4215185208"
"0,8682791203","1,012133391","0,5058135452"
"0,8379209628","1,075296716","0,5908427164"
"0,7992332779","1,135979","0,6752991538"
"0,7516822238","1,192630088","0,7575766552"
"0,6955061331","1,243452773","0,8357188098"
"0,6309981688","1,286639452","0,9077515189"
"0,5586511354","1,320824845","0,9721301479"
"0,4789760372","1,343281448","1,02591089"
"0,3934197842","1,353035537","1,067820765"
"0,303568141","1,349492788","1,096957625"
"0,2110068722","1,332058875","1,112419319"
"0,1172885683","1,300342298","1,113513186"
"0,0244326523","1,254662225","1,100179202"
"-0,06595179203","1,196379132","1,073423821"
"-0,1524696473","1,127131194","1,034559301"
"-0,2338404252","1,048573021","0,9849236513"
"-0,3088780824","0,9628650539","0,9263382653"
"-0,3770819548","0,8721054989","0,8606404878"
"-0,4381807698","0,7782964786","0,7896006294"
"-0,4919623351","0,6833390956","0,7149023435"
"-0,538456268","0,5891427725","0,6382534891"
"-0,5780014419","0,4969944496","0,5608282349"
"-0,6110047733","0,4079666665","0,4836136525"
"-0,6378785581","0,3230522617","0,4075284727"
"-0,6591414573","0,2430260396","0,3333082145"
"-0,675306066","0,1682180589","0,2613142243"
"-0,6868690948","0,0988459808","0,1918121407"
"-0,6942995962","0,03506205283","0,1250149117"
"-0,698107932","-0,02309232118","0,06104637628"
"-0,6986736965","-0,0757949245","-0,000138031588"
"-0,6963480417","-0,1232603874","-0,05861159909"
"-0,691477575","-0,1657036078","-0,1144475525"
"-0,6843735964","-0,2033823415","-0,1677477519"
"-0,6753183479","-0,2366088704","-0,2186505249"
"-0,6645038031","-0,2656929659","-0,2672870407"
"-0,6521219354","-0,290944399","-0,3137884685"
"-0,6383524426","-0,3126646091","-0,3582798014"
"-0,6233601969","-0,331171781","-0,4008930558"
"-0,6072541073","-0,3467471197","-0,4417339729"
"-0,5901235554","-0,3596536276","-0,4808960567"
"-0,5720579233","-0,3701543069","-0,5184728113"
"-0,5531331514","-0,3784951315","-0,5545483143"
"-0,5334144533","-0,3849203381","-0,5892020354"
"-0,5129350043","-0,3896207482","-0,622486819"
"-0,4917269104","-0,3927853434","-0,6544546149"
"-0,4698188734","-0,394594505","-0,685154133"
"-0,4472354516","-0,3952268169","-0,7146312293"
"-0,4239882387","-0,3948308064","-0,7429202053"
"-0,4000774887","-0,3935241091","-0,770044412"
"-0,3755034555","-0,3914243606","-0,7960272005"
"-0,3502659106","-0,3886469782","-0,820891363"
"-0,3243597983","-0,3852925208","-0,8446551054"
"-0,2977773301","-0,3814564195","-0,8673349295"
"-0,2705037249","-0,3771997912","-0,8889391267"
"-0,2425242014","-0,3725837527","-0,9094759884"
"-0,2138239786","-0,367669421","-0,928953806"
"-0,1843860691","-0,3624955129","-0,9473749721"
"-0,1541939849","-0,3571337043","-0,9647527974"
"-0,123227315","-0,3516022034","-0,9810865168"
"-0,09146531976","-0,3459145427","-0,9963740751"
"-0,05888725949","-0,3400842547","-1,010613417"
"-0,02547239454","-0,3341248722","-1,023802487"
"0,008800014754","-0,3280499277","-1,03593923"
"0,04394786177","-0,3218322588","-1,046996957"
"0,07999902918","-0,3155199989","-1,05701115"
"0,1169736766","-0,3090816719","-1,065959036"
"0,1548916883","-0,3024829913","-1,073815823"
"0,1937729483","-0,2956896706","-1,080556718"
"0,233637341","-0,2886674235","-1,086156926"
"0,2745047504","-0,2813819634","-1,090591656"
"0,3163950607","-0,2737990038","-1,093836114"
"0,3593121259","-0,265812815","-1,095792956"
"0,4032965818","-0,2574431767","-1,096516133"
"0,4483688004","-0,2486371551","-1,095967652"
"0,4945327326","-0,239276412","-1,09403718"
"0,5417923292","-0,2292426095","-1,090614385"
"0,5901515412","-0,2184174094","-1,085588931"
"0,6396143194","-0,2066824737","-1,078850486"
"0,6901846147","-0,1939194642","-1,070288717"
"0,7418549609","-0,1799824465","-1,059759373"
"0,7946247942","-0,1647200701","-1,047116224"
"0,8484947397","-0,1479721677","-1,032204639"
"0,9034067126","-0,1294429228","-1,014701935"
"0,9593026278","-0,1088365188","-0,9942854284"
"1,0161244","-0,08585713923","-0,9706324356"
"1,07374534","-0,06010695428","-0,9432942273"
"1,13217753","-0,03134937142","-0,9120249463"
"1,191291389","0,0008814989435","-0,8763019401"
"1,250805222","0,03727133838","-0,8353315708"
"1,310437335","0,07850582845","-0,7883202007"
"1,36990603","0,1252706507","-0,7344741921"
"1,428566203","0,1784563684","-0,6727303238"
"1,486602331","0,2387392692","-0,6023565191"
"1,543149441","0,3073354176","-0,521903518"
"1,596990823","0,385626478","-0,4296982143"
"1,646909765","0,4749941149","-0,3240675022"
"1,691689556","0,5768199926","-0,2033382756"
"1,729759907","0,6925049987","-0,0657632898"
"1,758723569","0,8235469548","0,0905914312"
"1,775570575","0,9706707303","0,2668989628"
"1,777166287","1,135646019","0,4654699156"
"1,759032207","1,317526932","0,6859034501"
"1,716169125","1,513659037","0,9260314392"
"1,643596415","1,720775695","1,183050607"
"1,535779124","1,93224256","1,450759468"
"1,388710497","2,136808456","1,718067182"
"1,199177181","2,321137876","1,971670528"
"0,9686009705","2,468487647","2,194537953"
"0,7017752685","2,561927687","2,369240132"
"0,4083805819","2,587061604","2,480686022"
"0,1018627391","2,535546541","2,519773101"
"-0,2024053","2,406944366","2,485241107"
"-0,4903905184","2,210019147","2,385206349"
"-0,7507538986","1,959050122","2,233316175"
"-0,9767533941","1,672089375","2,047080594"
"-1,16596119","1,366866406","1,843706083"
"-1,319253801","1,05877456","1,638075056"
"-1,439775646","0,7592517246","1,441096505"
"-1,531747288","0,4766846462","1,260668253"
"-1,599428216","0,2149449682","1,100113208"
"-1,646903217","-0,02330036504","0,9615473437"
"-1,677746375","-0,2377338855","0,8447613162"
"-1,694654099","-0,4292143652","0,7482627924"
"-1,700072207","-0,598916495","0,670243248"
"-1,695829446","-0,7485005941","0,608361042"
"-1,68316957","-0,8795665971","0,5602006258"
"-1,66326747","-0,9936367638","0,5234236558"
"-1,63709196","-1,09230298","0,4955394748"
"-1,605317127","-1,176687548","0,4745262421"
"-1,56855259","-1,247769499","0,4585178675"
"-1,527405215","-1,306520928","0,4457403871"
"-1,482439817","-1,353770123","0,4344912275"
"-1,434202291","-1,390164386","0,4231338758"
"-1,383230833","-1,41630352","0,4108494338"
"-1,330063642","-1,432787328","0,396819003"
"-1,275238914","-1,440215613","0,3802236853"
"-1,219230018","-1,439214401","0,3604619404"
"-1,162674973","-1,430350226","0,336949568"
"-1,106019956","-1,414320926","0,309653809"
"-1,04963587","-1,391861505","0,2787140757"
"-0,9938936173","-1,363706965","0,2442697809"
"-0,9391509562","-1,330582331","0,2064627524"
"-0,8856739124","-1,293216243","0,1655764554"
"-0,8337850366","-1,252483673","0,1220386796"
"-0,7835249188","-1,209033632","0,07629928245"
"-0,7349341489","-1,163515131","0,02880812176"
"-0,688053317","-1,11657718","-0,01998494481"
"-0,6429046918","-1,068810687","-0,06966274003"
"-0,5994512126","-1,0208294","-0,1197431308"
"-0,5575944818","-0,9731116244","-0,1698164957"
"-0,5171974195","-0,9259619925","-0,2195863866"
"-0,4781229461","-0,8796851378","-0,2687563553"
"-0,4402339819","-0,8345856934","-0,3170299537"
"-0,4033974883","-0,7909001749","-0,3641617712"
"-0,3674331727","-0,748863311","-0,4098886098"
"-0,332189003","-0,7085547114","-0,4540703039"
"-0,2975228813","-0,6700095888","-0,4966027877"
"-0,2632927098","-0,6332631559","-0,5373819952"
"-0,2293563907","-0,5983506257","-0,5763038605"
"-0,1955909348","-0,5652715878","-0,613292885"
"-0,1618484469","-0,5340080797","-0,6482831119"
"-0,1280278648","-0,504486526","-0,6812569482"
"-0,09403636904","-0,4766241223","-0,7122047599"
"-0,05978114027","-0,4503380644","-0,7411169128"
"-0,02516935916","-0,4255455479","-0,7679837729"
"0,009863874521","-0,4021462149","-0,7927972535"
"0,04542564404","-0,3800480971","-0,8155765804"
"0,08156639206","-0,3591302937","-0,8363295513"
"0,1183319812","-0,3392696839","-0,8550630001"
"0,1557682743","-0,320343147","-0,8717837606"
"0,1939211338","-0,3022275623","-0,8864986669"
"0,2328364225","-0,2847998092","-0,8992145529"
"0,2725440859","-0,2679239522","-0,9099062947"
"0,3130929725","-0,251487628","-0,9186157352"
"0,354499288","-0,23534198","-0,9253109913"
"0,3967738397","-0,2193326635","-0,9299473467"
"0,4399274352","-0,203305334","-0,9324800851"
"0,4839708816","-0,1871056467","-0,9328644904"
"0,5288993409","-0,1705556082","-0,9310194325"
"0,5747289095","-0,1535115889","-0,9269101381"
"0,6214666879","-0,1358119232","-0,9204731073"
"0,6690689588","-0,1172159626","-0,9115252051"
"0,7174920047","-0,09748305861","-0,8998832962"
"0,7666921082","-0,07637256289","-0,8853642453"
"0,8166255517","-0,05364382695","-0,8677849173"
"0,8671425743","-0,0289294111","-0,846783594"
"0,9183460779","-0,002119561725","-0,8223506198"
"0,9700380204","0,02723644246","-0,7940142916"
"1,021998607","0,05961369179","-0,7612694818"
"1,074008044","0,09548727659","-0,7236110627"
"1,125846535","0,1353322872","-0,6805339068"
"1,177175219","0,179675821","-0,6314577896"
"1,227829111","0,2290793106","-0,5757813537"
"1,277327625","0,2842577123","-0,5126834703"
"1,324905331","0,3460267705","-0,4411908959"
"1,369796806","0,4152022297","-0,3603303867"
"1,411212163","0,4925892989","-0,26913693"
"1,448159239","0,5790697928","-0,1665318451"
"1,479212517","0,6754792607","-0,0514280563"
"1,502647802","0,7823986712","0,07702287473"
"1,516585156","0,9002222027","0,2194789159"
"1,518856315","1,030085498","0,377468299"
"1,506486669","1,170327581","0,5496162942"
"1,476501606","1,319287476","0,7345481714"
"1,425886641","1,475045001","0,9306267983"
"1,351602451","1,633238001","1,13370596"
"1,250550605","1,788120773","1,338200776"
"1,121135897","1,931733428","1,536140093"
"0,9635360939","2,054814141","1,718061918"
"0,778875466","2,147438006","1,873759966"
"0,5714540575","2,199788141","1,992914413"
"0,3483315681","2,205491026","2,068570296"
"0,1169964853","2,159771547","2,095291595"
"-0,112881516","2,06242882","2,072100393"
"-0,3333511624","1,919601492","2,004499225"
"-0,5370665475","1,738445915","1,898997264"
"-0,719049207","1,529533226","1,765509777"
"-0,877051604","1,303539175","1,614139627"
"-1,01020073","1,070813264","1,454676454"
"-1,119791737","0,8393449889","1,294595112"
"-1,207675816","0,6157080522","1,139990875"
"-1,276418761","0,4046966131","0,9952327213"
"-1,328577009","0,2085482147","0,8621764538"
"-1,366613434","0,02904095998","0,7422299587"
"-1,392905215","-0,1332843766","0,635638155"
"-1,409223744","-0,2789146123","0,541647285"
"-1,417206885","-0,4084344521","0,4594107958"
"-1,418378624","-0,5227679978","0,3877769843"
"-1,41376081","-0,6230210054","0,3254515701"
"-1,404196897","-0,7102907768","0,271156131"
"-1,390478244","-0,7856157159","0,2236996974"
"-1,373348406","-0,8501416488","0,1817522554"
"-1,353301835","-0,9048107703","0,1442733132"
"-1,33072559","-0,9504241468","0,1104245098"
"-1,306006728","-0,9877828448","0,07936748415"
"-1,279516282","-1,017662725","0,05031658861"
"-1,251586521","-1,040776092","0,02255803008"
"-1,222500971","-1,057751955","-0,004483972462"
"-1,192469255","-1,069102063","-0,03112433035"
"-1,161700995","-1,075338167","-0,05767795494"
"-1,130405813","-1,076972015","-0,08445975756"
"-1,098731518","-1,074445773","-0,1116571853"
"-1,06692905","-1,068285862","-0,1395576535"
"-1,035109223","-1,058872237","-0,1681901026"
"-1,003353331","-1,046554541","-0,1975321151"
"-0,9717426698","-1,03168242","-0,2275612735"
"-0,9403585347","-1,014605517","-0,2582551602"
"-0,909282221","-0,9956734787","-0,2895913576"
"-0,8785480501","-0,975165112","-0,3215097425"
"-0,848228758","-0,9534506528","-0,3539000772"
"-0,8183224034","-0,9307656969","-0,3866548027"
"-0,7888091848","-0,9073148377","-0,4196626912"
"-0,7596693006","-0,8833026685","-0,4528125151"
"-0,7308829491","-0,8589337825","-0,4859930468"
"-0,7024303289","-0,834412773","-0,5190930585"
"-0,6742813231","-0,8098766549","-0,5520161629"
"-0,6463941315","-0,785528695","-0,5846239013"
"-0,6187155745","-0,7614738846","-0,616830159"
"-0,5911901788","-0,7377907261","-0,6485592339"
"-0,5637624715","-0,7145577222","-0,6797354241"
"-0,5363769795","-0,6918533754","-0,7102830274"
"-0,5089782296","-0,6697561881","-0,740126342"
"-0,4815157828","-0,6483074273","-0,7692140288"
"-0,4539187287","-0,6275836109","-0,7974607727"
"-0,4261314618","-0,6076019144","-0,8248266528"
"-0,39810221","-0,5883640021","-0,8512832446"
"-0,3697792015","-0,5698715379","-0,8768021239"
"-0,3411106641","-0,5521261859","-0,9013548663"
"-0,3120448261","-0,5351296102","-0,9249130472"
"-0,2825299154","-0,5188834748","-0,9474482424"
"-0,2525245427","-0,5033672083","-0,9689462289"
"-0,2219704953","-0,4885779978","-0,9893849648"
"-0,1908274923","-0,4744846922","-1,008758933"
"-0,1590570509","-0,4610531682","-1,027064362"
"-0,1266206883","-0,4482493026","-1,044297479"
"-0,09347992175","-0,4360389722","-1,060454511"
"-0,05959626836","-0,4243880535","-1,075531686"
"-0,02493138946","-0,413262074","-1,089524997"
"0,01054419877","-0,4026073958","-1,102425634"
"0,04687279107","-0,39240141","-1,114252481"
"0,08408368073","-0,3825877523","-1,124997537"
"0,122206161","-0,3731100584","-1,1346528"
"0,1612695252","-0,3639119638","-1,143210269"
"0,2013030665","-0,3549371042","-1,150661944"
"0,2423360782","-0,3461291153","-1,156999821"
"0,2843971337","-0,3374284114","-1,162212481"
"0,3275121057","-0,3287640971","-1,166281344"
"0,3717094326","-0,3200762055","-1,169195487"
"0,4170116138","-0,311277489","-1,170910372"
"0,4634411485","-0,3022807003","-1,171381461"
"0,5110205359","-0,2929985921","-1,170564217"
"0,5597607944","-0,2832985639","-1,168354218"
"0,6097007525","-0,2731464446","-1,164777264"
"0,6608568968","-0,2624217118","-1,159745472"
"0,713232615","-0,2509539002","-1,153105032"
"0,766831295","-0,2385725442","-1,144702132"
"0,8216563244","-0,2251071784","-1,134382961"
"0,877711091","-0,2103873375","-1,121993709"
"0,9349935575","-0,1942195681","-1,107353884"
"0,9934853973","-0,1763490571","-1,09020425"
"1,05315066","-0,1564730168","-1,07022548"
"1,113928211","-0,1342295642","-1,047026361"
"1,175807332","-0,10935068","-1,020331271"
"1,238662511","-0,08130900129","-0,9895498618"
"1,302349879","-0,0495370926","-0,9540428717"
"1,366691398","-0,01342139509","-0,913114773"
"1,431530331","0,02766566092","-0,866055397"
"1,496633938","0,07450370163","-0,8119770233"
"1,561482862","0,1282541403","-0,7495277205"
"1,625557747","0,1900783901","-0,6773555573"
"1,688067536","0,2612883985","-0,593912889"
"1,748694661","0,3432308919","-0,4976616769"
"1,80591262","0,4378165357","-0,3863137298"
"1,857898939","0,5470767085","-0,2574162529"
"1,902803977","0,6730265647","-0,1085300443"
"1,938225515","0,8177720629","0,06295239514"
"1,960553384","0,983245406","0,2595746696"
"1,96540655","1,170433015","0,482948126"
"1,947719087","1,381147236","0,7356662072"
"1,900597028","1,612027794","1,01504951"
"1,817451927","1,858147598","1,316747348"
"1,689473102","2,113149785","1,635139663"
"1,51107115","2,361019931","1,954487509"
"1,279522555","2,581611404","2,25455385"
"0,9948423654","2,752750541","2,512940387"
"0,6656478705","2,850166819","2,704734572"
"0,3068435371","2,85523461","2,81053324"
"-0,0613886634","2,758579093","2,820076952"
"-0,417988402","2,565857429","2,738392945"
"-0,744656341","2,292767175","2,580628502"
"-1,029260648","1,963263452","2,370363505"
"-1,2665272","1,602753526","2,132676035"
"-1,45683167","1,233643967","1,889617162"
"-1,604221434","0,8733437248","1,658215263"
"-1,714477314","0,53262256","1,448740869"
"-1,793816262","0,2186427244","1,267868016"
"-1,847554788","-0,06664342507","1,116885975"
"-1,88039712","-0,3226787401","0,9956145445"
"-1,896009859","-0,550788036","0,9018657564"
"-1,896987669","-0,7529031715","0,832531742"
"-1,885618633","-0,9312861488","0,7842056851"
"-1,863281033","-1,087920025","0,7532948072"
"-1,831035568","-1,224494106","0,7362635296"
"-1,789896077","-1,342542761","0,7297122989"
"-1,740574401","-1,4433408","0,7301461469"
"-1,683833812","-1,527533542","0,7347811503"
"-1,620453825","-1,595689137","0,7409396943"
"-1,551224238","-1,648527916","0,7464707612"
"-1,477031977","-1,686008391","0,7482476919"
"-1,398913661","-1,70858699","0,7447925069"
"-1,317922253","-1,717003122","0,7353533871"
"-1,235110711","-1,711996195","0,7191785136"
"-1,151531997","-1,694305621","0,6955160675"
"-1,068142049","-1,664833708","0,66401452"
"-0,9860981587","-1,624813377","0,6248902692"
"-0,9060393082","-1,575686215","0,578921629"
"-0,8285504556","-1,518912141","0,5269457202"
"-0,7541701741","-1,455912041","0,4697904852"
"-0,6833309126","-1,388251836","0,4085164958"
"-0,6162016152","-1,31737472","0,3442210185"
"-0,5527212725","-1,244462111","0,2778761258"
"-0,492828875","-1,170695427","0,2104538903"
"-0,436424664","-1,09711005","0,1428340682"
"-0,3832763691","-1,024722459","0,07592089835"
"-0,3330809531","-0,9540898162","0,01027255032"
"-0,2855298082","-0,8856981946","-0,05360536677"
"-0,2403229493","-0,8200037138","-0,1152319835"
"-0,1971324354","-0,7573581917","-0,1742011725"
"-0,1556221215","-0,6979620786","-0,2302187086"
"-0,115528477","-0,641805864","-0,2831651251"
"-0,0765879709","-0,5888800371","-0,3329209552"
"-0,03854067959","-0,5391722142","-0,3793689686"
"-0,001159899953","-0,4925992538","-0,4224465309"
"0,03579137392","-0,4490242756","-0,4621334366"
"0,072458435","-0,4082454406","-0,498460705"
"0,1089865762","-0,3700609098","-0,531459355"
"0,1455210906","-0,3342688441","-0,5611604059"
"0,1821578455","-0,3006554695","-0,5875824827"
"0,2190608922","-0,2689896627","-0,6108121725"
"0,2562790226","-0,2390297949","-0,6308786587"
"0,2938558716","-0,2105338611","-0,6478084661"
"0,3318350742","-0,1832598563","-0,6616281193"
"0,3702602653","-0,1569657753","-0,6723641429"
"0,4090865788","-0,1313724934","-0,6799316335"
"0,4484084795","-0,1062733949","-0,6844473856"
"0,4883320164","-0,08146797736","-0,6860267476"
"0,5287788972","-0,05667490874","-0,6845419665"
"0,5696708292","-0,03161285716","-0,6798652895"
"0,6109295202","-0,00600049069","-0,6718689637"
"0,6524766775","0,02044352257","-0,660425236"
"0,6942340087","0,04800051455","-0,6454063537"
"0,7361232213","0,07695181715","-0,6266845638"
"0,7780570366","0,1075805991","-0,6041274511"
"0,8197332983","0,140231646","-0,5774417011"
"0,8613390196","0,1751850758","-0,5465171812"
"0,9024952643","0,2128372707","-0,5109619982"
"0,9428230963","0,2535846128","-0,4703842591"
"0,9819435795","0,2978234843","-0,4243920706"
"1,019477778","0,3459502673","-0,3725935398"
"1,055046755","0,3983613441","-0,3145967734"
"1,088168931","0,4554325485","-0,2500026105"
"1,118224351","0,5176148833","-0,1782923521"
"1,14437702","0,5851946952","-0,09909260587"
"1,165756258","0,6583817575","-0,01210663973"
"1,181412735","0,7372675875","0,0828452324"
"1,190295035","0,8224259575","0,1864996285"
"1,19101337","0,9130500264","0,2981576894"
"1,182177952","1,008332953","0,4171205559"
"1,162399618","1,107465212","0,5426864746"
"1,130230854","1,209133782","0,6736436025"
"1,084380962","1,310973055","0,8076722393"
"1,023426377","1,410363181","0,9421956258"
"0,9464860401","1,503823009","1,073702921"
"0,8537701966","1,587172307","1,197840771"
"0,7456581348","1,656473769","1,310490791"
"0,6229450647","1,706770274","1,406445227"
"0,4881425542","1,734259166","1,481510432"
"0,3446302426","1,736601653","1,5329169"
"0,1956493174","1,711837442","1,558270341"
"0,04558513887","1,658742732","1,555773799"
"-0,1015908795","1,579473547","1,527044208"
"-0,2425165156","1,477379501","1,47493107"
"-0,3740163699","1,355920484","1,402395397"
"-0,4936073977","1,219933822","1,313748802"
"-0,6002998289","1,074298867","1,213429796"
"-0,6934858222","0,9236447332","1,105654144"
"-0,7731293217","0,7724283038","0,9944877888"
"-0,8399845031","0,6238495117","0,8828314068"
"-0,8949500224","0,4806217521","0,7731292215"
"-0,9391418241","0,345069054","0,667467519"
"-0,9737580697","0,2183324037","0,5668500112"
"-0,9999548476","0,101127037","0,4718860752"
"-1,018809938","-0,006052176083","0,3829923347"
"-1,031482951","-0,103059778","0,3002823436"
"-1,038766573","-0,1902761524","0,2234252229"
"-1,041428607","-0,2681116731","0,1520645123"
"-1,04019499","-0,3369751276","0,08586135908"
"-1,035734864","-0,3974385357","0,0243499746"
"-1,028512005","-0,4501268778","-0,03294956048"
"-1,018922131","-0,4956426951","-0,08647920035"
"-1,007348481","-0,5345771173","-0,1366680245"
"-0,9941286111","-0,5675220882","-0,1839318313"
"-0,9795623879","-0,595075914","-0,2286771458"
"-0,9638224004","-0,6177098899","-0,2711696178"
"-0,9470812369","-0,6358953111","-0,3116748967"
"-0,929511486","-0,6501034728","-0,3504586322"
"-0,91125198","-0,6607570178","-0,3877398688"
"-0,8924359517","-0,6682946941","-0,4237363909"
"-0,8731299423","-0,6730324612","-0,4585636955"
"-0,8533943871","-0,6752752877","-0,4923281017"
"-0,8332897214","-0,6753281424","-0,5251359283"
"-0,812867137","-0,6734750887","-0,5570805443"
"-0,7921704808","-0,6699942017","-0,5882399883"
"-0,7712175187","-0,6650967181","-0,6186541653"
"-0,7500155207","-0,6589669319","-0,6483488418"
"-0,7285717568","-0,6517891368","-0,6773497846"
"-0,7068902606","-0,643735313","-0,7056797807"
"-0,6849702898","-0,6349709975","-0,7333535985"
"-0,6628089873","-0,6256581661","-0,7603802053"
"-0,6403868039","-0,6158911274","-0,7867536483"
"-0,6176841908","-0,60576419","-0,8124679747"
"-0,5946815991","-0,5953716624","-0,8375172318"
"-0,5713594796","-0,5848078533","-0,8618954669"
"-0,5476968678","-0,5741546065","-0,8855972774"
"-0,5236691109","-0,5634917769","-0,9086114634"
"-0,499249519","-0,5528784871","-0,9309266763"
"-0,4744097666","-0,5423511322","-0,952533807"
"-0,4491215279","-0,5319461076","-0,9734237459"
"-0,4233564773","-0,5216998083","-0,9935873839"
"-0,3970862892","-0,5116486296","-1,013015612"
"-0,3702829323","-0,5018160038","-1,031701392"
"-0,3429160861","-0,4922357126","-1,049634578"
"-0,3149564952","-0,4829198122","-1,066809405"
"-0,286375442","-0,4738705956","-1,083221966"
"-0,2571442089","-0,4650903561","-1,098868351"
"-0,2272340784","-0,4565813865","-1,113744652"
"-0,1966163329","-0,44834598","-1,127846959"
"-0,1652625472","-0,4403816102","-1,141170747"
"-0,1331443262","-0,4326838315","-1,153714703"
"-0,1002331018","-0,425247933","-1,165478877"
"-0,06650122696","-0,4180536353","-1,176460399"
"-0,03192105429","-0,4110806591","-1,186656399"
"0,003535063462","-0,4043087253","-1,196064006"
"0,03989477357","-0,3977175545","-1,20468035"
"0,07718572331","-0,3912868674","-1,212502562"
"0,1154337124","-0,3849644319","-1,219499232"
"0,1546687267","-0,378769241","-1,225718443"
"0,1949176692","-0,372654344","-1,231138283"
"0,2362074004","-0,3665719864","-1,235736008"
"0,278564781","-0,3604744139","-1,239488873"
"0,3220166716","-0,3543138722","-1,242374135"
"0,3665899327","-0,3480426068","-1,244369051"
"0,4123114251","-0,3416128633","-1,245450876"
"0,4592080093","-0,3349768875","-1,245596866"
"0,5073043947","-0,3280531187","-1,244758164"
"0,5566280893","-0,3207856314","-1,242897634"
"0,6072021424","-0,3130833965","-1,239940783"
"0,6590493854","-0,3048530883","-1,235811199"
"0,7121885924","-0,2959806587","-1,23040707"
"0,7666454885","-0,2863755492","-1,223656728"
"0,8224436405","-0,2759342648","-1,21547152"
"0,8795886401","-0,2644657047","-1,205654526"
"0,9380860792","-0,2517787677","-1,19400883"
"0,9979415497","-0,2376823529","-1,180337512"
"1,059157881","-0,2219719376","-1,16442814"
"1,121723414","-0,2043759389","-1,145987728"
"1,185608863","-0,1845616538","-1,124649089"
"1,250764367","-0,1621357312","-1,099972156"
"1,317172409","-0,1367708874","-1,071598669"
"1,384702653","-0,1078381255","-1,038810298"
"1,453224764","-0,07470844829","-1,000888713"
"1,522538334","-0,03662681539","-0,9569650304"
"1,592559929","0,007041103318","-0,906321246"
"1,662865754","0,05750769445","-0,8475533012"
"1,732955429","0,1161102067","-0,7791078836"
"1,802164192","0,1843033061","-0,699284973"
"1,87006454","0,2635732429","-0,6063726099"
"1,93555359","0,3559993434","-0,4979376784"
"1,996777676","0,4641568605","-0,3709232501"
"2,051883131","0,5906210472","-0,2222723962"
"2,098022233","0,7376926177","-0,04913335606"
"2,13312625","0,9098081453","0,1536206177"
"2,150977533","1,10839655","0,3882739649"
"2,145343776","1,334875235","0,6571000458"
"2,109623044","1,589551256","0,9612371841"
"2,034303698","1,871062535","1,300417549"
"1,909314522","2,168295849","1,664261661"
"1,725597932","2,467146498","2,039214102"
"1,473505192","2,745010631","2,403126448"
"1,155439306","2,970099983","2,723819418"
"0,7775748132","3,110263998","2,968608478"
"0,3582975596","3,135663037","3,106725143"
"-0,07523161841","3,03450381","3,125634745"
"-0,4943878606","2,80964849","3,027576227"
"-0,8744365886","2,484028352","2,835244004"
"-1,199828896","2,090372428","2,581337182"
"-1,464915311","1,662655403","2,299852881"
"-1,671636535","1,230408611","2,020308455"
"-1,826783746","0,8131909169","1,762052811"
"-1,938625296","0,4245237045","1,538340635"
"-2,014916261","0,06938022703","1,353590821"
"-2,062467378","-0,2502840878","1,209046859"
"-2,086479301","-0,535782509","1,102375114"
"-2,090661411","-0,7894829834","1,029675615"
"-2,077956897","-1,014375501","0,9863575802"
"-2,049904079","-1,212852942","0,967279077"
"-2,007860749","-1,387028688","0,967320381"
"-1,952729924","-1,538724782","0,9812476427"
"-1,885334447","-1,66859554","1,004193927"
"-1,806586562","-1,776895904","1,031487114"
"-1,717556187","-1,864027132","1,059085939"
"-1,619223832","-1,929015826","1,081599775"
"-1,513386322","-1,971974273","1,09641378"
"-1,401952587","-1,993233923","1,101381867"
"-1,286831555","-1,993126225","1,094357951"
"-1,169731952","-1,972359915","1,074079729"
"-1,053396955","-1,931960831","1,039589108"
"-0,9393418796","-1,874347121","0,9921646925"
"-0,8289188549","-1,802070693","0,9333461079"
"-0,723480011","-1,717683456","0,8646729785"
"-0,6241052892","-1,623749766","0,7878497559"
"-0,5313638572","-1,523273328","0,7052602467"
"-0,4452768437","-1,418678222","0,6189357599"
"-0,3658111532","-1,312280656","0,5308313115"
"-0,2927387582","-1,206249096","0,4428313319"
"-0,2255629613","-1,102093976","0,3563288161"
"-0,1637206419","-1,000998576","0,2724544685"
"-0,1066766699","-0,9039419474","0,1921764977"
"-0,05374423479","-0,8117975856","0,1163944921"
"-0,004380078919","-0,7247464765","0,04543292025"
"0,0419385617","-0,6429006233","-0,02044102213"
"0,08572115593","-0,5663582801","-0,08097160914"
"0,127442438","-0,4950514116","-0,1360367644"
"0,1675201259","-0,4287424072","-0,1856454882"
"0,2062331451","-0,3670865498","-0,2298952093"
"0,2438604211","-0,309739122","-0,2688833565"
"0,2806510682","-0,2563477847","-0,3027091662"
"0,3168348541","-0,206500551","-0,3315211483"
"0,3525324991","-0,1597796013","-0,3554548157"
"0,3878331584","-0,1157701926","-0,3746377584"
"0,4228220461","-0,07405911862","-0,3891948429"
"0,4574314605","-0,03428719276","-0,3991575342"
"0,4919636343","0,004057810887","-0,4048150958"
"0,5263163189","0,04132937095","-0,4061666088"
"0,5603872656","0,07788096608","-0,4032111537"
"0,5940742258","0,1140660749","-0,3959478115"
"0,6272749508","0,1502381761","-0,3843756629"
"0,659887192","0,1867507483","-0,3684937888"
"0,6918087007","0,2239572701","-0,34830127"
"0,7227135742","0,2620252629","-0,3238570996"
"0,7527267426","0,3015692541","-0,2948996859"
"0,7815498319","0,3428508181","-0,2613287057"
"0,8087811842","0,3860412093","-0,2230876892"
"0,8340191415","0,4313116825","-0,180120167"
"0,8568620461","0,4788334924","-0,1323696694"
"0,87690824","0,5287778935","-0,07977972682"
"0,8937560653","0,5813161406","-0,02229386966"
"0,9069801594","0,6362837795","0,0398076685"
"0,9159451557","0,6941823644","0,1070407042"
"0,9199975803","0,7547341331","0,1791126664"
"0,9184959434","0,8173115657","0,2553607105"
"0,910798755","0,8812871425","0,335121992"
"0,8962645252","0,9460333436","0,4177336664"
"0,8745151344","1,010833155","0,5024037931"
"0,844698075","1,07472202","0,5881657478"
"0,8058433564","1,136319757","0,6736579504"
"0,7582049248","1,193858959","0,7569478646"
"0,702036726","1,245572222","0,836102954"
"0,6375927061","1,289692139","0,9091906822"
"0,5651268111","1,324451307","0,9742785128"
"0,4853274073","1,34840555","1,029728475"
"0,3993397657","1,359101619","1,072794429"
"0,3088424565","1,356138425","1,102757744"
"0,2155293942","1,33917213","1,118956946"
"0,1210602544","1,307894384","1,120769597"
"0,02713145335","1,262625955","1,108179481"
"-0,06405550016","1,204252367","1,081651705"
"-0,1513434139","1,134686598","1,042788492"
"-0,2335750957","1,055841627","0,9931920677"
"-0,3096296686","0,9696070046","0,9344460292"
"-0,3786812537","0,8781546636","0,8684198094"
"-0,4404059838","0,7836635867","0,7970405851"
"-0,4948043121","0,6879593983","0,7219392982"
"-0,5419053652","0,5927896834","0,6446788394"
"-0,5819307988","0,4997927884","0,5667359602"
"-0,6153152644","0,4100290082","0,4890911935"
"-0,6425336428","0,3243507152","0,412543343"
"-0,6640591478","0,2434956299","0,3377932814"
"-0,6804534922","0,1680321154","0,2654016088"
"-0,6922093253","0,09809409266","0,1955670947"
"-0,6998046764","0,03375442307","0,1284369801"
"-0,7036942605","-0,02494986476","0,0641307787"
"-0,7043453803","-0,07810154257","0,002673228635"
"-0,7021144596","-0,1259291738","-0,05601799999"
"-0,6973151345","-0,168697347","-0,1120516632"
"-0,6902583089","-0,2066702388","-0,1655360598"
"-0,6812200233","-0,2401366461","-0,2165941156"
"-0,670449319","-0,269423937","-0,2653726959"
"-0,6581141102","-0,2948420762","-0,3120012002"
"-0,6443823112","-0,3167010281","-0,3566090285"
"-0,6294092166","-0,3353013725","-0,399318898"
"-0,6133351609","-0,3509539418","-0,4402561412"
"-0,5962494181","-0,3639243564","-0,4795159034"
"-0,5782290433","-0,3744652714","-0,5171850115"
"-0,5593494297","-0,3828264302","-0,5533489148"
"-0,5396751363","-0,3892466115","-0,5880860914"
"-0,5192530666","-0,3939430071","-0,6214618438"
"-0,4981095026","-0,3970952462","-0,653523672"
"-0,4762707263","-0,3988829578","-0,6843190764"
"-0,4537570422","-0,3994708678","-0,7138898681"
"-0,4305876825","-0,3990305777","-0,7422780289"
"-0,4067641058","-0,3976839907","-0,7695084445"
"-0,3822839905","-0,3955420978","-0,7956022743"
"-0,357145015","-0,3927158901","-0,8205806777"
"-0,3313428889","-0,3893076416","-0,8444625848"
"-0,3048703755","-0,3854162415","-0,8672650977"
"-0,2777142535","-0,381112393","-0,8889988011"
"-0,2498586592","-0,3764527875","-0,9096710325"
"-0,2212877291","-0,3714941166","-0,9292891291"
"-0,1919850029","-0,3662840742","-0,9478578964"
"-0,1619328763","-0,3608737502","-0,9653841779"
"-0,1311123094","-0,3553085354","-0,9818750071"
"-0,09950217039","-0,3495989286","-0,9973277144"
"-0,06708132728","-0,3437554281","-1,01173963"
"-0,03382864817","-0,3377885327","-1,025108086"
"0,0002769988683","-0,3317087409","-1,03743041"
"0,03525503589","-0,3255095672","-1,048691634"
"0,07112831892","-0,3191958955","-1,058894164"
"0,1079221073","-0,3127805509","-1,068049821"
"0,1456562708","-0,3062263735","-1,076132014"
"0,1843506789","-0,2994962031","-1,083114148"
"0,2240252014","-0,29255288","-1,088969632"
"0,264699708","-0,285359244","-1,093671873"
"0,3063940682","-0,2778781352","-1,097194277"
"0,3491281518","-0,2700723937","-1,099510252"
"0,3928982562","-0,2617963706","-1,100485424"
"0,4377625053","-0,2531347925","-1,100244052"
"0,4837265492","-0,2439747697","-1,098681443"
"0,5307928684","-0,2341908385","-1,095679077"
"0,5789639437","-0,2236575354","-1,091118434"
"0,6282422558","-0,2122493965","-1,084880993"
"0,6786302855","-0,1998409582","-1,076848235"
"0,7301305135","-0,1863067568","-1,066901638"
"0,7827253781","-0,1714714082","-1,05486179"
"0,8364290525","-0,1552055035","-1,040611448"
"0,8912114071","-0,1372736575","-1,023903309"
"0,9470083064","-0,117363074","-1,004394307"
"1,003755616","-0,09516095669","-0,981741375"
"1,061389199","-0,07035450938","-0,9556014458"
"1,119746387","-0,04247739636","-0,9254424408"
"1,178889079","-0,01133659393","-0,8910760872"
"1,238551798","0,02373587684","-0,8517316464"
"1,298437377","0,06345314968","-0,8065826735"
"1,358248652","0,1085283584","-0,7548027238"
"1,417548041","0,1597429785","-0,6954734954"
"1,47598319","0,2179615343","-0,6275924632"
"1,533365096","0,284100137","-0,5501192838"
"1,588448729","0,3595686735","-0,4613464635"
"1,639989059","0,4457770309","-0,3595665087"
"1,686741054","0,5441350962","-0,2430719259"
"1,727312368","0,6560403449","-0,110145065"
"1,75954983","0,7830552474","0,04119698246"
"1,780570004","0,9263095569","0,2125483333"
"1,787167244","1,086725213","0,4053107262"
"1,77540502","1,265164881","0,6209496501"
"1,740193681","1,458889507","0,8572186945"
"1,676515644","1,664908548","1,1116039"
"1,578772014","1,878047182","1,379404519"
"1,442328041","2,087774114","1,650333933"
"1,263810093","2,28144311","1,911803874"
"1,042652215","2,442723822","2,147325618"
"0,7831606532","2,554324592","2,339132993"
"0,4933876721","2,60019572","2,470539523"
"0,186294081","2,570399705","2,530853942"
"-0,1226760427","2,461205906","2,515510189"
"-0,4189104435","2,280107952","2,431328822"
"-0,6897170969","2,039756552","2,290318313"
"-0,9271334883","1,758048","2,109821209"
"-1,127555033","1,453302191","1,9076353"
"-1,291072866","1,142074945","1,699814987"
"-1,420523868","0,8367496171","1,498208542"
"-1,519968402","0,5470111066","1,312016234"
"-1,59379589","0,2775399364","1,145382811"
"-1,646167092","0,0312485759","1,000653816"
"-1,68098204","-0,1908246238","0,8783438669"
"-1,701081432","-0,3894928131","0,7770189429"
"-1,7089484","-0,5658404637","0,6949211964"
"-1,706708991","-0,7214979355","0,6297694984"
"-1,695666108","-0,8580955371","0,5791058127"
"-1,676997947","-0,9772118484","0,5404949796"
"-1,651717718","-1,080350392","0,5115404405"
"-1,620609874","-1,168892094","0,4898893914"
"-1,584277416","-1,243776127","0,4736831864"
"-1,543323344","-1,305941666","0,4610631794"
"-1,498332823","-1,356283274","0,4504682485"
"-1,449865134","-1,395462516","0,4399308232"
"-1,398475988","-1,424079016","0,4284596566"
"-1,344718139","-1,442732952","0,4152793001"
"-1,289144339","-1,452024502","0,3996143051"
"-1,232292563","-1,45255969","0,3807220261"
"-1,174665428","-1,444964681","0,3581812407"
"-1,116916485","-1,429865678","0,3315795402"
"-1,059407814","-1,408025551","0,3011144551"
"-1,002501497","-1,380207169","0,266983516"
"-0,9465596135","-1,347173402","0,2293842537"
"-0,8918813523","-1,309643276","0,1885341677"
"-0,83878559","-1,268490352","0,1448570299"
"-0,787414997","-1,224478931","0,09883062826"
"-0,7377907336","-1,178259372","0,05092233692"
"-0,6899339601","-1,130482039","0,001599529962"
"-0,6438658369","-1,081797292","-0,04867041848"
"-0,599557415","-1,032735758","-0,09947830423"
"-0,5569331393","-0,9839349495","-0,1503013011"
"-0,5158526396","-0,9357178687","-0,2008271456"
"-0,4761695598","-0,8883777804","-0,2507630459"
"-0,4377375442","-0,8422079494","-0,2998162099"
"-0,4004151368","-0,7974761859","-0,3477141888"
"-0,3640369744","-0,7543926618","-0,3942175312"
"-0,3284246942","-0,7131134176","-0,4391202667"
"-0,2934346017","-0,6736610542","-0,4823260672"
"-0,2589230021","-0,6360581727","-0,523738604"
"-0,224746201","-0,6003273743","-0,563261549"
"-0,1907684791","-0,5664817019","-0,6008064608"
"-0,1568568549","-0,5344946594","-0,636314255"
"-0,1228813096","-0,5043126656","-0,6697473438"
"-0,08875137311","-0,475843674","-0,7011011067"
"-0,0543765757","-0,4489956382","-0,7303709233"
"-0,01966644745","-0,4236765117","-0,7575521731"
"0,01546322085","-0,3997912652","-0,7826389134"
"0,05109018499","-0,3772335362","-0,805638319"
"0,08728756707","-0,3558874604","-0,8265667928"
"0,1241019268","-0,3356257966","-0,8454320544"
"0,161579824","-0,3163213036","-0,8622418234"
"0,1997678184","-0,2978467401","-0,8770038195"
"0,2386777938","-0,2800356486","-0,8896527437"
"0,2783496617","-0,2627639671","-0,9002022405"
"0,318903837","-0,2459992348","-0,9088417873"
"0,3603358829","-0,2295634926","-0,9154916022"
"0,4026413628","-0,2132787814","-0,9200719031"
"0,4458158399","-0,1969671421","-0,9225029081"
"0,4898548777","-0,1804506155","-0,9227048353"
"0,5347540394","-0,1635512426","-0,9205979025"
"0,5805088883","-0,1460910641","-0,916102328"
"0,6271149877","-0,1278921211","-0,9091383297"
"0,6745679009","-0,1087764544","-0,8996261256"
"0,7227840432","-0,08846089817","-0,8873318897"
"0,7718345546","-0,06684547909","-0,8722639661"
"0,8216290693","-0,04361765317","-0,8541400696"
"0,8720383353","-0,0184147893","-0,832608048"
"0,9229331003","0,009125743603","-0,8073157493"
"0,9741841123","0,03936657665","-0,7779110217"
"1,025662119","0,07267034095","-0,7440417131"
"1,076916534","0,1095996769","-0,7050724929"
"1,128294949","0,1503632484","-0,6608851675"
"1,179275798","0,1956538651","-0,6106816759"
"1,229269429","0,246201352","-0,5536114053"
"1,277686184","0,3027355342","-0,4888237429"
"1,32393641","0,3659862366","-0,4154680762"
"1,367426423","0,4366817529","-0,3326946953"
"1,407283158","0,5156179912","-0,2395279928"
"1,442339393","0,6036995709","-0,1348480385"
"1,471086402","0,7016459436","-0,01768540447"
"1,491926153","0,8101234765","0,1128847392"
"1,502823539","0,9294805524","0,2575041324"
"1,50142374","1,059656625","0,4164199638"
"1,4850265","1,19989698","0,5891870387"
"1,450707563","1,348439798","0,7743332399"
"1,39536037","1,502465237","0,9692919534"
"1,315769913","1,657832569","1,17017125"
"1,210017708","1,807465929","1,369907852"
"1,076723999","1,944275118","1,561367617"
"0,9149499872","2,058465651","1,734632456"
"0,728254281","2,140901541","1,880133465"
"0,5209520486","2,183151502","1,988965073"